path,block,parcel
https://raw.githubusercontent.com/communitymaplab/athens-r51-property-appraisal-photos/refs/heads/main/pipeline/data/Bradberry%20appraisals%201962/processed/B1/B1_P29__photo1.jpg,B1,P29
https://raw.githubusercontent.com/communitymaplab/athens-r51-property-appraisal-photos/refs/heads/main/pipeline/data/Bradberry%20appraisals%201962/processed/B1/B1_P29__photo2.jpg,B1,P29
https://raw.githubusercontent.com/communitymaplab/athens-r51-property-appraisal-photos/refs/heads/main/pipeline/data/Bradberry%20appraisals%201962/processed/B1/B1_P26__photo1.jpg,B1,P26
https://raw.githubusercontent.com/communitymaplab/athens-r51-property-appraisal-photos/refs/heads/main/pipeline/data/Bradberry%20appraisals%201962/processed/B1/B1_P26__photo2.jpg,B1,P26
https://raw.githubusercontent.com/communitymaplab/athens-r51-property-appraisal-photos/refs/heads/main/pipeline/data/Bradberry%20appraisals%201962/processed/B1/B1_P25__photo1.jpg,B1,P25
https://raw.githubusercontent.com/communitymaplab/athens-r51-property-appraisal-photos/refs/heads/main/pipeline/data/Bradberry%20appraisals%201962/processed/B1/B1_P24__photo1.jpg,B1,P24
https://raw.githubusercontent.com/communitymaplab/athens-r51-property-appraisal-photos/refs/heads/main/pipeline/data/Bradberry%20appraisals%201962/processed/B1/B1_P23__photo1.jpg,B1,P23
https://raw.githubusercontent.com/communitymaplab/athens-r51-property-appraisal-photos/refs/heads/main/pipeline/data/Bradberry%20appraisals%201962/processed/B1/B1_P22__photo1.jpg,B1,P22
https://raw.githubusercontent.com/communitymaplab/athens-r51-property-appraisal-photos/refs/heads/main/pipeline/data/Bradberry%20appraisals%201962/processed/B1/B1_P21__photo1.jpg,B1,P21
https://raw.githubusercontent.com/communitymaplab/athens-r51-property-appraisal-photos/refs/heads/main/pipeline/data/Bradberry%20appraisals%201962/processed/B1/B1_P20__photo1.jpg,B1,P20
https://raw.githubusercontent.com/communitymaplab/athens-r51-property-appraisal-photos/refs/heads/main/pipeline/data/Bradberry%20appraisals%201962/processed/B1/B1_P20__photo2.jpg,B1,P20
https://raw.githubusercontent.com/communitymaplab/athens-r51-property-appraisal-photos/refs/heads/main/pipeline/data/Bradberry%20appraisals%201962/processed/B1/B1_P20__photo3.jpg,B1,P20
https://raw.githubusercontent.com/communitymaplab/athens-r51-property-appraisal-photos/refs/heads/main/pipeline/data/Bradberry%20appraisals%201962/processed/B1/B1_P20__photo4.jpg,B1,P20
https://raw.githubusercontent.com/communitymaplab/athens-r51-property-appraisal-photos/refs/heads/main/pipeline/data/Bradberry%20appraisals%201962/processed/B1/B1_P20__photo5.jpg,B1,P20
https://raw.githubusercontent.com/communitymaplab/athens-r51-property-appraisal-photos/refs/heads/main/pipeline/data/Bradberry%20appraisals%201962/processed/B1/B1_P19__photo1.jpg,B1,P19
https://raw.githubusercontent.com/communitymaplab/athens-r51-property-appraisal-photos/refs/heads/main/pipeline/data/Bradberry%20appraisals%201962/processed/B1/B1_P19__photo2.jpg,B1,P19
https://raw.githubusercontent.com/communitymaplab/athens-r51-property-appraisal-photos/refs/heads/main/pipeline/data/Bradberry%20appraisals%201962/processed/B1/B1_P19__photo3.jpg,B1,P19
https://raw.githubusercontent.com/communitymaplab/athens-r51-property-appraisal-photos/refs/heads/main/pipeline/data/Bradberry%20appraisals%201962/processed/B1/B1_P19__photo4.jpg,B1,P19
https://raw.githubusercontent.com/communitymaplab/athens-r51-property-appraisal-photos/refs/heads/main/pipeline/data/Bradberry%20appraisals%201962/processed/B1/B1_P18__photo1.jpg,B1,P18
https://raw.githubusercontent.com/communitymaplab/athens-r51-property-appraisal-photos/refs/heads/main/pipeline/data/Bradberry%20appraisals%201962/processed/B1/B1_P30__photo1.jpg,B1,P30
https://raw.githubusercontent.com/communitymaplab/athens-r51-property-appraisal-photos/refs/heads/main/pipeline/data/Bradberry%20appraisals%201962/processed/B1/B1_P28__photo1.jpg,B1,P28
https://raw.githubusercontent.com/communitymaplab/athens-r51-property-appraisal-photos/refs/heads/main/pipeline/data/Bradberry%20appraisals%201962/processed/B1/B1_P27__photo1.jpg,B1,P27
https://raw.githubusercontent.com/communitymaplab/athens-r51-property-appraisal-photos/refs/heads/main/pipeline/data/Bradberry%20appraisals%201962/processed/B1/B1_P19__photo5.jpg,B1,P19
https://raw.githubusercontent.com/communitymaplab/athens-r51-property-appraisal-photos/refs/heads/main/pipeline/data/Bradberry%20appraisals%201962/processed/B1/B1_P18__photo2.jpg,B1,P18
https://raw.githubusercontent.com/communitymaplab/athens-r51-property-appraisal-photos/refs/heads/main/pipeline/data/Bradberry%20appraisals%201962/processed/B1/B1_P18__photo3.jpg,B1,P18
https://raw.githubusercontent.com/communitymaplab/athens-r51-property-appraisal-photos/refs/heads/main/pipeline/data/Bradberry%20appraisals%201962/processed/B1/B1_P18__photo4.jpg,B1,P18
https://raw.githubusercontent.com/communitymaplab/athens-r51-property-appraisal-photos/refs/heads/main/pipeline/data/Bradberry%20appraisals%201962/processed/B1/B1_P16__photo1.jpg,B1,P16
https://raw.githubusercontent.com/communitymaplab/athens-r51-property-appraisal-photos/refs/heads/main/pipeline/data/Bradberry%20appraisals%201962/processed/B1/B1_P16__photo2.jpg,B1,P16
https://raw.githubusercontent.com/communitymaplab/athens-r51-property-appraisal-photos/refs/heads/main/pipeline/data/Bradberry%20appraisals%201962/processed/B1/B1_P15__photo1.jpg,B1,P15
https://raw.githubusercontent.com/communitymaplab/athens-r51-property-appraisal-photos/refs/heads/main/pipeline/data/Bradberry%20appraisals%201962/processed/B1/B1_P15__photo2.jpg,B1,P15
https://raw.githubusercontent.com/communitymaplab/athens-r51-property-appraisal-photos/refs/heads/main/pipeline/data/Bradberry%20appraisals%201962/processed/B1/B1_P15__photo3.jpg,B1,P15
https://raw.githubusercontent.com/communitymaplab/athens-r51-property-appraisal-photos/refs/heads/main/pipeline/data/Bradberry%20appraisals%201962/processed/B1/B1_P15__photo4.jpg,B1,P15
https://raw.githubusercontent.com/communitymaplab/athens-r51-property-appraisal-photos/refs/heads/main/pipeline/data/Bradberry%20appraisals%201962/processed/B1/B1_P14__photo1.jpg,B1,P14
https://raw.githubusercontent.com/communitymaplab/athens-r51-property-appraisal-photos/refs/heads/main/pipeline/data/Bradberry%20appraisals%201962/processed/B1/B1_P12__photo1.jpg,B1,P12
https://raw.githubusercontent.com/communitymaplab/athens-r51-property-appraisal-photos/refs/heads/main/pipeline/data/Bradberry%20appraisals%201962/processed/B1/B1_P11__photo1.jpg,B1,P11
https://raw.githubusercontent.com/communitymaplab/athens-r51-property-appraisal-photos/refs/heads/main/pipeline/data/Bradberry%20appraisals%201962/processed/B1/B1_P11__photo2.jpg,B1,P11
https://raw.githubusercontent.com/communitymaplab/athens-r51-property-appraisal-photos/refs/heads/main/pipeline/data/Bradberry%20appraisals%201962/processed/B1/B1_P11__photo3.jpg,B1,P11
https://raw.githubusercontent.com/communitymaplab/athens-r51-property-appraisal-photos/refs/heads/main/pipeline/data/Bradberry%20appraisals%201962/processed/B1/B1_P11__photo4.jpg,B1,P11
https://raw.githubusercontent.com/communitymaplab/athens-r51-property-appraisal-photos/refs/heads/main/pipeline/data/Bradberry%20appraisals%201962/processed/B1/B1_P11__photo5.jpg,B1,P11
https://raw.githubusercontent.com/communitymaplab/athens-r51-property-appraisal-photos/refs/heads/main/pipeline/data/Bradberry%20appraisals%201962/processed/B1/B1_P9__photo1.jpg,B1,P9
https://raw.githubusercontent.com/communitymaplab/athens-r51-property-appraisal-photos/refs/heads/main/pipeline/data/Bradberry%20appraisals%201962/processed/B1/B1_P8__photo1.jpg,B1,P8
https://raw.githubusercontent.com/communitymaplab/athens-r51-property-appraisal-photos/refs/heads/main/pipeline/data/Bradberry%20appraisals%201962/processed/B1/B1_P7__photo1.jpg,B1,P7
https://raw.githubusercontent.com/communitymaplab/athens-r51-property-appraisal-photos/refs/heads/main/pipeline/data/Bradberry%20appraisals%201962/processed/B1/B1_P6__photo1.jpg,B1,P6
https://raw.githubusercontent.com/communitymaplab/athens-r51-property-appraisal-photos/refs/heads/main/pipeline/data/Bradberry%20appraisals%201962/processed/B1/B1_P5__photo1.jpg,B1,P5
https://raw.githubusercontent.com/communitymaplab/athens-r51-property-appraisal-photos/refs/heads/main/pipeline/data/Bradberry%20appraisals%201962/processed/B1/B1_P4__photo1.jpg,B1,P4
https://raw.githubusercontent.com/communitymaplab/athens-r51-property-appraisal-photos/refs/heads/main/pipeline/data/Bradberry%20appraisals%201962/processed/B1/B1_P3__photo1.jpg,B1,P3
https://raw.githubusercontent.com/communitymaplab/athens-r51-property-appraisal-photos/refs/heads/main/pipeline/data/Bradberry%20appraisals%201962/processed/B2/B2_P2A__photo1.jpg,B2,P2A
https://raw.githubusercontent.com/communitymaplab/athens-r51-property-appraisal-photos/refs/heads/main/pipeline/data/Bradberry%20appraisals%201962/processed/B2/B2_P3__photo1.jpg,B2,P3
https://raw.githubusercontent.com/communitymaplab/athens-r51-property-appraisal-photos/refs/heads/main/pipeline/data/Bradberry%20appraisals%201962/processed/B2/B2_P4__photo1.jpg,B2,P4
https://raw.githubusercontent.com/communitymaplab/athens-r51-property-appraisal-photos/refs/heads/main/pipeline/data/Bradberry%20appraisals%201962/processed/B2/B2_P5__photo1.jpg,B2,P5
https://raw.githubusercontent.com/communitymaplab/athens-r51-property-appraisal-photos/refs/heads/main/pipeline/data/Bradberry%20appraisals%201962/processed/B2/B2_P6__photo1.jpg,B2,P6
https://raw.githubusercontent.com/communitymaplab/athens-r51-property-appraisal-photos/refs/heads/main/pipeline/data/Bradberry%20appraisals%201962/processed/B2/B2_P6__photo2.jpg,B2,P6
https://raw.githubusercontent.com/communitymaplab/athens-r51-property-appraisal-photos/refs/heads/main/pipeline/data/Bradberry%20appraisals%201962/processed/B2/B2_P7__photo1.jpg,B2,P7
https://raw.githubusercontent.com/communitymaplab/athens-r51-property-appraisal-photos/refs/heads/main/pipeline/data/Bradberry%20appraisals%201962/processed/B2/B2_P8__photo1.jpg,B2,P8
https://raw.githubusercontent.com/communitymaplab/athens-r51-property-appraisal-photos/refs/heads/main/pipeline/data/Bradberry%20appraisals%201962/processed/B2/B2_P9__photo1.jpg,B2,P9
https://raw.githubusercontent.com/communitymaplab/athens-r51-property-appraisal-photos/refs/heads/main/pipeline/data/Bradberry%20appraisals%201962/processed/B2/B2_P10__photo1.jpg,B2,P10
https://raw.githubusercontent.com/communitymaplab/athens-r51-property-appraisal-photos/refs/heads/main/pipeline/data/Bradberry%20appraisals%201962/processed/B2/B2_P11__photo1.jpg,B2,P11
https://raw.githubusercontent.com/communitymaplab/athens-r51-property-appraisal-photos/refs/heads/main/pipeline/data/Bradberry%20appraisals%201962/processed/B2/B2_P12__photo1.jpg,B2,P12
https://raw.githubusercontent.com/communitymaplab/athens-r51-property-appraisal-photos/refs/heads/main/pipeline/data/Bradberry%20appraisals%201962/processed/B3/B3_P1__photo1.jpg,B3,P1
https://raw.githubusercontent.com/communitymaplab/athens-r51-property-appraisal-photos/refs/heads/main/pipeline/data/Bradberry%20appraisals%201962/processed/B3/B3_P2A__photo1.jpg,B3,P2A
https://raw.githubusercontent.com/communitymaplab/athens-r51-property-appraisal-photos/refs/heads/main/pipeline/data/Bradberry%20appraisals%201962/processed/B3/B3_P3__photo1.jpg,B3,P3
https://raw.githubusercontent.com/communitymaplab/athens-r51-property-appraisal-photos/refs/heads/main/pipeline/data/Bradberry%20appraisals%201962/processed/B3/B3_P3__photo2.jpg,B3,P3
https://raw.githubusercontent.com/communitymaplab/athens-r51-property-appraisal-photos/refs/heads/main/pipeline/data/Bradberry%20appraisals%201962/processed/B3/B3_P3__photo3.jpg,B3,P3
https://raw.githubusercontent.com/communitymaplab/athens-r51-property-appraisal-photos/refs/heads/main/pipeline/data/Bradberry%20appraisals%201962/processed/B3/B3_P3__photo4.jpg,B3,P3
https://raw.githubusercontent.com/communitymaplab/athens-r51-property-appraisal-photos/refs/heads/main/pipeline/data/Bradberry%20appraisals%201962/processed/B3/B3_P4__photo1.jpg,B3,P4
https://raw.githubusercontent.com/communitymaplab/athens-r51-property-appraisal-photos/refs/heads/main/pipeline/data/Bradberry%20appraisals%201962/processed/B3/B3_P5__photo1.jpg,B3,P5
https://raw.githubusercontent.com/communitymaplab/athens-r51-property-appraisal-photos/refs/heads/main/pipeline/data/Bradberry%20appraisals%201962/processed/B3/B3_P6__photo1.jpg,B3,P6
https://raw.githubusercontent.com/communitymaplab/athens-r51-property-appraisal-photos/refs/heads/main/pipeline/data/Bradberry%20appraisals%201962/processed/B3/B3_P7__photo1.jpg,B3,P7
https://raw.githubusercontent.com/communitymaplab/athens-r51-property-appraisal-photos/refs/heads/main/pipeline/data/Bradberry%20appraisals%201962/processed/B3/B3_P8__photo1.jpg,B3,P8
https://raw.githubusercontent.com/communitymaplab/athens-r51-property-appraisal-photos/refs/heads/main/pipeline/data/Bradberry%20appraisals%201962/processed/B3/B3_P9__photo1.jpg,B3,P9
https://raw.githubusercontent.com/communitymaplab/athens-r51-property-appraisal-photos/refs/heads/main/pipeline/data/Bradberry%20appraisals%201962/processed/B3/B3_P10__photo1.jpg,B3,P10
https://raw.githubusercontent.com/communitymaplab/athens-r51-property-appraisal-photos/refs/heads/main/pipeline/data/Bradberry%20appraisals%201962/processed/B3/B3_P11__photo1.jpg,B3,P11
https://raw.githubusercontent.com/communitymaplab/athens-r51-property-appraisal-photos/refs/heads/main/pipeline/data/Bradberry%20appraisals%201962/processed/B3/B3_P12__photo1.jpg,B3,P12
https://raw.githubusercontent.com/communitymaplab/athens-r51-property-appraisal-photos/refs/heads/main/pipeline/data/Bradberry%20appraisals%201962/processed/B3/B3_P12__photo2.jpg,B3,P12
https://raw.githubusercontent.com/communitymaplab/athens-r51-property-appraisal-photos/refs/heads/main/pipeline/data/Bradberry%20appraisals%201962/processed/B3/B3_P14__photo1.jpg,B3,P14
https://raw.githubusercontent.com/communitymaplab/athens-r51-property-appraisal-photos/refs/heads/main/pipeline/data/Bradberry%20appraisals%201962/processed/B3/B3_P15__photo1.jpg,B3,P15
https://raw.githubusercontent.com/communitymaplab/athens-r51-property-appraisal-photos/refs/heads/main/pipeline/data/Bradberry%20appraisals%201962/processed/B3/B3_P16__photo1.jpg,B3,P16
https://raw.githubusercontent.com/communitymaplab/athens-r51-property-appraisal-photos/refs/heads/main/pipeline/data/Bradberry%20appraisals%201962/processed/B3/B3_P17__photo1.jpg,B3,P17
https://raw.githubusercontent.com/communitymaplab/athens-r51-property-appraisal-photos/refs/heads/main/pipeline/data/Bradberry%20appraisals%201962/processed/B3/B3_P18__photo1.jpg,B3,P18
https://raw.githubusercontent.com/communitymaplab/athens-r51-property-appraisal-photos/refs/heads/main/pipeline/data/Bradberry%20appraisals%201962/processed/B3/B3_P19__photo1.jpg,B3,P19
https://raw.githubusercontent.com/communitymaplab/athens-r51-property-appraisal-photos/refs/heads/main/pipeline/data/Bradberry%20appraisals%201962/processed/B3/B3_P20__photo1.jpg,B3,P20
https://raw.githubusercontent.com/communitymaplab/athens-r51-property-appraisal-photos/refs/heads/main/pipeline/data/Bradberry%20appraisals%201962/processed/B3/B3_P21__photo1.jpg,B3,P21
https://raw.githubusercontent.com/communitymaplab/athens-r51-property-appraisal-photos/refs/heads/main/pipeline/data/Bradberry%20appraisals%201962/processed/B3/B3_P22__photo1.jpg,B3,P22
https://raw.githubusercontent.com/communitymaplab/athens-r51-property-appraisal-photos/refs/heads/main/pipeline/data/Bradberry%20appraisals%201962/processed/B3/B3_P23__photo1.jpg,B3,P23
https://raw.githubusercontent.com/communitymaplab/athens-r51-property-appraisal-photos/refs/heads/main/pipeline/data/Bradberry%20appraisals%201962/processed/B3/B3_P23__photo2.jpg,B3,P23
https://raw.githubusercontent.com/communitymaplab/athens-r51-property-appraisal-photos/refs/heads/main/pipeline/data/Bradberry%20appraisals%201962/processed/B3/B3_P24__photo1.jpg,B3,P24
https://raw.githubusercontent.com/communitymaplab/athens-r51-property-appraisal-photos/refs/heads/main/pipeline/data/Bradberry%20appraisals%201962/processed/B3/B3_P25__photo1.jpg,B3,P25
https://raw.githubusercontent.com/communitymaplab/athens-r51-property-appraisal-photos/refs/heads/main/pipeline/data/Bradberry%20appraisals%201962/processed/B4/B4_P1__photo1.jpg,B4,P1
https://raw.githubusercontent.com/communitymaplab/athens-r51-property-appraisal-photos/refs/heads/main/pipeline/data/Bradberry%20appraisals%201962/processed/B4/B4_P1__photo2.jpg,B4,P1
https://raw.githubusercontent.com/communitymaplab/athens-r51-property-appraisal-photos/refs/heads/main/pipeline/data/Bradberry%20appraisals%201962/processed/B4/B4_P2__photo1.jpg,B4,P2
https://raw.githubusercontent.com/communitymaplab/athens-r51-property-appraisal-photos/refs/heads/main/pipeline/data/Bradberry%20appraisals%201962/processed/B4/B4_P3__photo1.jpg,B4,P3
https://raw.githubusercontent.com/communitymaplab/athens-r51-property-appraisal-photos/refs/heads/main/pipeline/data/Bradberry%20appraisals%201962/processed/B4/B4_P4__photo1.jpg,B4,P4
https://raw.githubusercontent.com/communitymaplab/athens-r51-property-appraisal-photos/refs/heads/main/pipeline/data/Bradberry%20appraisals%201962/processed/B4/B4_P5__photo1.jpg,B4,P5
https://raw.githubusercontent.com/communitymaplab/athens-r51-property-appraisal-photos/refs/heads/main/pipeline/data/Bradberry%20appraisals%201962/processed/B4/B4_P6__photo1.jpg,B4,P6
https://raw.githubusercontent.com/communitymaplab/athens-r51-property-appraisal-photos/refs/heads/main/pipeline/data/Bradberry%20appraisals%201962/processed/B4/B4_P7__photo1.jpg,B4,P7
https://raw.githubusercontent.com/communitymaplab/athens-r51-property-appraisal-photos/refs/heads/main/pipeline/data/Bradberry%20appraisals%201962/processed/B4/B4_P8__photo1.jpg,B4,P8
https://raw.githubusercontent.com/communitymaplab/athens-r51-property-appraisal-photos/refs/heads/main/pipeline/data/Bradberry%20appraisals%201962/processed/B4/B4_P9__photo1.jpg,B4,P9
https://raw.githubusercontent.com/communitymaplab/athens-r51-property-appraisal-photos/refs/heads/main/pipeline/data/Bradberry%20appraisals%201962/processed/B4/B4_P10__photo1.jpg,B4,P10
https://raw.githubusercontent.com/communitymaplab/athens-r51-property-appraisal-photos/refs/heads/main/pipeline/data/Bradberry%20appraisals%201962/processed/B5/B5_P1__photo1.jpg,B5,P1
https://raw.githubusercontent.com/communitymaplab/athens-r51-property-appraisal-photos/refs/heads/main/pipeline/data/Bradberry%20appraisals%201962/processed/B5/B5_P1__photo2.jpg,B5,P1
https://raw.githubusercontent.com/communitymaplab/athens-r51-property-appraisal-photos/refs/heads/main/pipeline/data/Bradberry%20appraisals%201962/processed/B5/B5_P2__photo1.jpg,B5,P2
https://raw.githubusercontent.com/communitymaplab/athens-r51-property-appraisal-photos/refs/heads/main/pipeline/data/Bradberry%20appraisals%201962/processed/B5/B5_P3__photo1.jpg,B5,P3
https://raw.githubusercontent.com/communitymaplab/athens-r51-property-appraisal-photos/refs/heads/main/pipeline/data/Bradberry%20appraisals%201962/processed/B5/B5_P4__photo1.jpg,B5,P4
https://raw.githubusercontent.com/communitymaplab/athens-r51-property-appraisal-photos/refs/heads/main/pipeline/data/Bradberry%20appraisals%201962/processed/B5/B5_P5__photo1.jpg,B5,P5
https://raw.githubusercontent.com/communitymaplab/athens-r51-property-appraisal-photos/refs/heads/main/pipeline/data/Bradberry%20appraisals%201962/processed/B5/B5_P6__photo1.jpg,B5,P6
https://raw.githubusercontent.com/communitymaplab/athens-r51-property-appraisal-photos/refs/heads/main/pipeline/data/Bradberry%20appraisals%201962/processed/B5/B5_P7__photo1.jpg,B5,P7
https://raw.githubusercontent.com/communitymaplab/athens-r51-property-appraisal-photos/refs/heads/main/pipeline/data/Bradberry%20appraisals%201962/processed/B5/B5_P8__photo1.jpg,B5,P8
https://raw.githubusercontent.com/communitymaplab/athens-r51-property-appraisal-photos/refs/heads/main/pipeline/data/Bradberry%20appraisals%201962/processed/B5/B5_P9__photo1.jpg,B5,P9
https://raw.githubusercontent.com/communitymaplab/athens-r51-property-appraisal-photos/refs/heads/main/pipeline/data/Bradberry%20appraisals%201962/processed/B5/B5_P10__photo1.jpg,B5,P10
https://raw.githubusercontent.com/communitymaplab/athens-r51-property-appraisal-photos/refs/heads/main/pipeline/data/Bradberry%20appraisals%201962/processed/B5/B5_P11__photo1.jpg,B5,P11
https://raw.githubusercontent.com/communitymaplab/athens-r51-property-appraisal-photos/refs/heads/main/pipeline/data/Bradberry%20appraisals%201962/processed/B5/B5_P12__photo1.jpg,B5,P12
https://raw.githubusercontent.com/communitymaplab/athens-r51-property-appraisal-photos/refs/heads/main/pipeline/data/Bradberry%20appraisals%201962/processed/B5/B5_P13__photo1.jpg,B5,P13
https://raw.githubusercontent.com/communitymaplab/athens-r51-property-appraisal-photos/refs/heads/main/pipeline/data/Bradberry%20appraisals%201962/processed/B5/B5_P14__photo1.jpg,B5,P14
https://raw.githubusercontent.com/communitymaplab/athens-r51-property-appraisal-photos/refs/heads/main/pipeline/data/Bradberry%20appraisals%201962/processed/B5/B5_P14__photo2.jpg,B5,P14
https://raw.githubusercontent.com/communitymaplab/athens-r51-property-appraisal-photos/refs/heads/main/pipeline/data/Bradberry%20appraisals%201962/processed/B5/B5_P15__photo2.jpg,B5,P15
https://raw.githubusercontent.com/communitymaplab/athens-r51-property-appraisal-photos/refs/heads/main/pipeline/data/Bradberry%20appraisals%201962/processed/B5/B5_P16__photo1.jpg,B5,P16
https://raw.githubusercontent.com/communitymaplab/athens-r51-property-appraisal-photos/refs/heads/main/pipeline/data/Bradberry%20appraisals%201962/processed/B5/B5_P17__photo1.jpg,B5,P17
https://raw.githubusercontent.com/communitymaplab/athens-r51-property-appraisal-photos/refs/heads/main/pipeline/data/Bradberry%20appraisals%201962/processed/B5/B5_P18__photo1.jpg,B5,P18
https://raw.githubusercontent.com/communitymaplab/athens-r51-property-appraisal-photos/refs/heads/main/pipeline/data/Bradberry%20appraisals%201962/processed/B5/B5_P19__photo1.jpg,B5,P19
https://raw.githubusercontent.com/communitymaplab/athens-r51-property-appraisal-photos/refs/heads/main/pipeline/data/Bradberry%20appraisals%201962/processed/B5/B5_P20__photo1.jpg,B5,P20
https://raw.githubusercontent.com/communitymaplab/athens-r51-property-appraisal-photos/refs/heads/main/pipeline/data/Bradberry%20appraisals%201962/processed/B5/B5_P22__photo1.jpg,B5,P22
https://raw.githubusercontent.com/communitymaplab/athens-r51-property-appraisal-photos/refs/heads/main/pipeline/data/Bradberry%20appraisals%201962/processed/B5/B5_P22__photo2.jpg,B5,P22
https://raw.githubusercontent.com/communitymaplab/athens-r51-property-appraisal-photos/refs/heads/main/pipeline/data/Bradberry%20appraisals%201962/processed/B5/B5_P23__photo1.jpg,B5,P23
https://raw.githubusercontent.com/communitymaplab/athens-r51-property-appraisal-photos/refs/heads/main/pipeline/data/Bradberry%20appraisals%201962/processed/B5/B5_P24__photo1.jpg,B5,P24
https://raw.githubusercontent.com/communitymaplab/athens-r51-property-appraisal-photos/refs/heads/main/pipeline/data/Bradberry%20appraisals%201962/processed/B5/B5_P25__photo1.jpg,B5,P25
https://raw.githubusercontent.com/communitymaplab/athens-r51-property-appraisal-photos/refs/heads/main/pipeline/data/Bradberry%20appraisals%201962/processed/B5/B5_P26__photo1.jpg,B5,P26
https://raw.githubusercontent.com/communitymaplab/athens-r51-property-appraisal-photos/refs/heads/main/pipeline/data/Bradberry%20appraisals%201962/processed/B5/B5_P26__photo2.jpg,B5,P26
https://raw.githubusercontent.com/communitymaplab/athens-r51-property-appraisal-photos/refs/heads/main/pipeline/data/Bradberry%20appraisals%201962/processed/B5/B5_P27__photo1.jpg,B5,P27
https://raw.githubusercontent.com/communitymaplab/athens-r51-property-appraisal-photos/refs/heads/main/pipeline/data/Bradberry%20appraisals%201962/processed/B5/B5_P28__photo1.jpg,B5,P28
https://raw.githubusercontent.com/communitymaplab/athens-r51-property-appraisal-photos/refs/heads/main/pipeline/data/Bradberry%20appraisals%201962/processed/B5/B5_P28__photo2.jpg,B5,P28
https://raw.githubusercontent.com/communitymaplab/athens-r51-property-appraisal-photos/refs/heads/main/pipeline/data/Bradberry%20appraisals%201962/processed/B5/B5_P29__photo1.jpg,B5,P29
https://raw.githubusercontent.com/communitymaplab/athens-r51-property-appraisal-photos/refs/heads/main/pipeline/data/Bradberry%20appraisals%201962/processed/B5/B5_P30__photo1.jpg,B5,P30
https://raw.githubusercontent.com/communitymaplab/athens-r51-property-appraisal-photos/refs/heads/main/pipeline/data/Bradberry%20appraisals%201962/processed/B5/B5_P30__photo2.jpg,B5,P30
https://raw.githubusercontent.com/communitymaplab/athens-r51-property-appraisal-photos/refs/heads/main/pipeline/data/Bradberry%20appraisals%201962/processed/B5/B5_P30__photo3.jpg,B5,P30
https://raw.githubusercontent.com/communitymaplab/athens-r51-property-appraisal-photos/refs/heads/main/pipeline/data/Bradberry%20appraisals%201962/processed/B5/B5_P31__photo1.jpg,B5,P31
https://raw.githubusercontent.com/communitymaplab/athens-r51-property-appraisal-photos/refs/heads/main/pipeline/data/Bradberry%20appraisals%201962/processed/B5/B5_P31__photo2.jpg,B5,P31
https://raw.githubusercontent.com/communitymaplab/athens-r51-property-appraisal-photos/refs/heads/main/pipeline/data/Bradberry%20appraisals%201962/processed/B5/B5_P31__photo3.jpg,B5,P31
https://raw.githubusercontent.com/communitymaplab/athens-r51-property-appraisal-photos/refs/heads/main/pipeline/data/Bradberry%20appraisals%201962/processed/B5/B5_P32__photo1.jpg,B5,P32
https://raw.githubusercontent.com/communitymaplab/athens-r51-property-appraisal-photos/refs/heads/main/pipeline/data/Bradberry%20appraisals%201962/processed/B5/B5_P33__photo1.jpg,B5,P33
https://raw.githubusercontent.com/communitymaplab/athens-r51-property-appraisal-photos/refs/heads/main/pipeline/data/Bradberry%20appraisals%201962/processed/B5/B5_P35__photo1.jpg,B5,P35
https://raw.githubusercontent.com/communitymaplab/athens-r51-property-appraisal-photos/refs/heads/main/pipeline/data/Bradberry%20appraisals%201962/processed/B5/B5_P35__photo2.jpg,B5,P35
https://raw.githubusercontent.com/communitymaplab/athens-r51-property-appraisal-photos/refs/heads/main/pipeline/data/Bradberry%20appraisals%201962/processed/B5/B5_P36__photo1.jpg,B5,P36
https://raw.githubusercontent.com/communitymaplab/athens-r51-property-appraisal-photos/refs/heads/main/pipeline/data/Bradberry%20appraisals%201962/processed/B5/B5_P37__photo1.jpg,B5,P37
https://raw.githubusercontent.com/communitymaplab/athens-r51-property-appraisal-photos/refs/heads/main/pipeline/data/Bradberry%20appraisals%201962/processed/B6/B6_P1__photo1.jpg,B6,P1
https://raw.githubusercontent.com/communitymaplab/athens-r51-property-appraisal-photos/refs/heads/main/pipeline/data/Bradberry%20appraisals%201962/processed/B6/B6_P2__photo1.jpg,B6,P2
https://raw.githubusercontent.com/communitymaplab/athens-r51-property-appraisal-photos/refs/heads/main/pipeline/data/Bradberry%20appraisals%201962/processed/B6/B6_P3__photo1.jpg,B6,P3
https://raw.githubusercontent.com/communitymaplab/athens-r51-property-appraisal-photos/refs/heads/main/pipeline/data/Bradberry%20appraisals%201962/processed/B6/B6_P4__photo1.jpg,B6,P4
https://raw.githubusercontent.com/communitymaplab/athens-r51-property-appraisal-photos/refs/heads/main/pipeline/data/Bradberry%20appraisals%201962/processed/B6/B6_P5__photo1.jpg,B6,P5
https://raw.githubusercontent.com/communitymaplab/athens-r51-property-appraisal-photos/refs/heads/main/pipeline/data/Bradberry%20appraisals%201962/processed/B6/B6_P5__photo2.jpg,B6,P5
https://raw.githubusercontent.com/communitymaplab/athens-r51-property-appraisal-photos/refs/heads/main/pipeline/data/Bradberry%20appraisals%201962/processed/B6/B6_P6__photo1.jpg,B6,P6
https://raw.githubusercontent.com/communitymaplab/athens-r51-property-appraisal-photos/refs/heads/main/pipeline/data/Bradberry%20appraisals%201962/processed/B6/B6_P6__photo2.jpg,B6,P6
https://raw.githubusercontent.com/communitymaplab/athens-r51-property-appraisal-photos/refs/heads/main/pipeline/data/Bradberry%20appraisals%201962/processed/B6/B6_P7__photo1.jpg,B6,P7
https://raw.githubusercontent.com/communitymaplab/athens-r51-property-appraisal-photos/refs/heads/main/pipeline/data/Bradberry%20appraisals%201962/processed/B6/B6_P8__photo1.jpg,B6,P8
https://raw.githubusercontent.com/communitymaplab/athens-r51-property-appraisal-photos/refs/heads/main/pipeline/data/Bradberry%20appraisals%201962/processed/B6/B6_P8__photo2.jpg,B6,P8
https://raw.githubusercontent.com/communitymaplab/athens-r51-property-appraisal-photos/refs/heads/main/pipeline/data/Bradberry%20appraisals%201962/processed/B6/B6_P9__photo1.jpg,B6,P9
https://raw.githubusercontent.com/communitymaplab/athens-r51-property-appraisal-photos/refs/heads/main/pipeline/data/Bradberry%20appraisals%201962/processed/B6/B6_P10__photo1.jpg,B6,P10
https://raw.githubusercontent.com/communitymaplab/athens-r51-property-appraisal-photos/refs/heads/main/pipeline/data/Bradberry%20appraisals%201962/processed/B6/B6_P10__photo2.jpg,B6,P10
https://raw.githubusercontent.com/communitymaplab/athens-r51-property-appraisal-photos/refs/heads/main/pipeline/data/Bradberry%20appraisals%201962/processed/B6/B6_P10__photo3.jpg,B6,P10
https://raw.githubusercontent.com/communitymaplab/athens-r51-property-appraisal-photos/refs/heads/main/pipeline/data/Bradberry%20appraisals%201962/processed/B6/B6_P11__photo1.jpg,B6,P11
https://raw.githubusercontent.com/communitymaplab/athens-r51-property-appraisal-photos/refs/heads/main/pipeline/data/Bradberry%20appraisals%201962/processed/B6/B6_P13__photo1.jpg,B6,P13
https://raw.githubusercontent.com/communitymaplab/athens-r51-property-appraisal-photos/refs/heads/main/pipeline/data/Bradberry%20appraisals%201962/processed/B6/B6_P13__photo2.jpg,B6,P13
https://raw.githubusercontent.com/communitymaplab/athens-r51-property-appraisal-photos/refs/heads/main/pipeline/data/Bradberry%20appraisals%201962/processed/B6/B6_P13__photo3.jpg,B6,P13
https://raw.githubusercontent.com/communitymaplab/athens-r51-property-appraisal-photos/refs/heads/main/pipeline/data/Bradberry%20appraisals%201962/processed/B6/B6_P13__photo4.jpg,B6,P13
https://raw.githubusercontent.com/communitymaplab/athens-r51-property-appraisal-photos/refs/heads/main/pipeline/data/Bradberry%20appraisals%201962/processed/B6/B6_P14__photo1.jpg,B6,P14
https://raw.githubusercontent.com/communitymaplab/athens-r51-property-appraisal-photos/refs/heads/main/pipeline/data/Bradberry%20appraisals%201962/processed/B6/B6_P15__photo1.jpg,B6,P15
https://raw.githubusercontent.com/communitymaplab/athens-r51-property-appraisal-photos/refs/heads/main/pipeline/data/Bradberry%20appraisals%201962/processed/B6/B6_P16__photo1.jpg,B6,P16
https://raw.githubusercontent.com/communitymaplab/athens-r51-property-appraisal-photos/refs/heads/main/pipeline/data/Bradberry%20appraisals%201962/processed/B6/B6_P17__photo1.jpg,B6,P17
https://raw.githubusercontent.com/communitymaplab/athens-r51-property-appraisal-photos/refs/heads/main/pipeline/data/Bradberry%20appraisals%201962/processed/B6/B6_P18__photo1.jpg,B6,P18
https://raw.githubusercontent.com/communitymaplab/athens-r51-property-appraisal-photos/refs/heads/main/pipeline/data/Bradberry%20appraisals%201962/processed/B6/B6_P19__photo1.jpg,B6,P19
https://raw.githubusercontent.com/communitymaplab/athens-r51-property-appraisal-photos/refs/heads/main/pipeline/data/Bradberry%20appraisals%201962/processed/B6/B6_P19__photo2.jpg,B6,P19
https://raw.githubusercontent.com/communitymaplab/athens-r51-property-appraisal-photos/refs/heads/main/pipeline/data/Bradberry%20appraisals%201962/processed/B6/B6_P20__photo1.jpg,B6,P20
https://raw.githubusercontent.com/communitymaplab/athens-r51-property-appraisal-photos/refs/heads/main/pipeline/data/Bradberry%20appraisals%201962/processed/B6/B6_P21__photo1.jpg,B6,P21
https://raw.githubusercontent.com/communitymaplab/athens-r51-property-appraisal-photos/refs/heads/main/pipeline/data/Bradberry%20appraisals%201962/processed/B6/B6_P22__photo1.jpg,B6,P22
https://raw.githubusercontent.com/communitymaplab/athens-r51-property-appraisal-photos/refs/heads/main/pipeline/data/Bradberry%20appraisals%201962/processed/B6/B6_P23__photo1.jpg,B6,P23
https://raw.githubusercontent.com/communitymaplab/athens-r51-property-appraisal-photos/refs/heads/main/pipeline/data/Bradberry%20appraisals%201962/processed/B6/B6_P24__photo1.jpg,B6,P24
https://raw.githubusercontent.com/communitymaplab/athens-r51-property-appraisal-photos/refs/heads/main/pipeline/data/Bradberry%20appraisals%201962/processed/B6/B6_P25__photo1.jpg,B6,P25
https://raw.githubusercontent.com/communitymaplab/athens-r51-property-appraisal-photos/refs/heads/main/pipeline/data/Bradberry%20appraisals%201962/processed/B7/B7_P3__photo1.jpg,B7,P3
https://raw.githubusercontent.com/communitymaplab/athens-r51-property-appraisal-photos/refs/heads/main/pipeline/data/Bradberry%20appraisals%201962/processed/B7/B7_P4__photo1.jpg,B7,P4
https://raw.githubusercontent.com/communitymaplab/athens-r51-property-appraisal-photos/refs/heads/main/pipeline/data/Bradberry%20appraisals%201962/processed/B7/B7_P4__photo2.jpg,B7,P4
https://raw.githubusercontent.com/communitymaplab/athens-r51-property-appraisal-photos/refs/heads/main/pipeline/data/Bradberry%20appraisals%201962/processed/B7/B7_P4__photo3.jpg,B7,P4
https://raw.githubusercontent.com/communitymaplab/athens-r51-property-appraisal-photos/refs/heads/main/pipeline/data/Bradberry%20appraisals%201962/processed/B7/B7_P5__photo1.jpg,B7,P5
https://raw.githubusercontent.com/communitymaplab/athens-r51-property-appraisal-photos/refs/heads/main/pipeline/data/Bradberry%20appraisals%201962/processed/B8/B8_P1__photo1.jpg,B8,P1
https://raw.githubusercontent.com/communitymaplab/athens-r51-property-appraisal-photos/refs/heads/main/pipeline/data/Bradberry%20appraisals%201962/processed/B8/B8_P1__photo2.jpg,B8,P1
https://raw.githubusercontent.com/communitymaplab/athens-r51-property-appraisal-photos/refs/heads/main/pipeline/data/Bradberry%20appraisals%201962/processed/B8/B8_P1__photo3.jpg,B8,P1
https://raw.githubusercontent.com/communitymaplab/athens-r51-property-appraisal-photos/refs/heads/main/pipeline/data/Bradberry%20appraisals%201962/processed/B8/B8_P1__photo4.jpg,B8,P1
https://raw.githubusercontent.com/communitymaplab/athens-r51-property-appraisal-photos/refs/heads/main/pipeline/data/Bradberry%20appraisals%201962/processed/B8/B8_P1__photo5.jpg,B8,P1
https://raw.githubusercontent.com/communitymaplab/athens-r51-property-appraisal-photos/refs/heads/main/pipeline/data/Bradberry%20appraisals%201962/processed/B8/B8_P2__photo1.jpg,B8,P2
https://raw.githubusercontent.com/communitymaplab/athens-r51-property-appraisal-photos/refs/heads/main/pipeline/data/Bradberry%20appraisals%201962/processed/B8/B8_P3__photo1.jpg,B8,P3
https://raw.githubusercontent.com/communitymaplab/athens-r51-property-appraisal-photos/refs/heads/main/pipeline/data/Bradberry%20appraisals%201962/processed/B8/B8_P4__photo1.jpg,B8,P4
https://raw.githubusercontent.com/communitymaplab/athens-r51-property-appraisal-photos/refs/heads/main/pipeline/data/Bradberry%20appraisals%201962/processed/B8/B8_P5__photo1.jpg,B8,P5
https://raw.githubusercontent.com/communitymaplab/athens-r51-property-appraisal-photos/refs/heads/main/pipeline/data/Bradberry%20appraisals%201962/processed/B8/B8_P6__photo1.jpg,B8,P6
https://raw.githubusercontent.com/communitymaplab/athens-r51-property-appraisal-photos/refs/heads/main/pipeline/data/Bradberry%20appraisals%201962/processed/B8/B8_P7__photo1.jpg,B8,P7
https://raw.githubusercontent.com/communitymaplab/athens-r51-property-appraisal-photos/refs/heads/main/pipeline/data/Bradberry%20appraisals%201962/processed/B8/B8_P7__photo2.jpg,B8,P7
https://raw.githubusercontent.com/communitymaplab/athens-r51-property-appraisal-photos/refs/heads/main/pipeline/data/Bradberry%20appraisals%201962/processed/B8/B8_P8__photo1.jpg,B8,P8
https://raw.githubusercontent.com/communitymaplab/athens-r51-property-appraisal-photos/refs/heads/main/pipeline/data/Bradberry%20appraisals%201962/processed/B8/B8_P9__photo1.jpg,B8,P9
https://raw.githubusercontent.com/communitymaplab/athens-r51-property-appraisal-photos/refs/heads/main/pipeline/data/Bradberry%20appraisals%201962/processed/B8/B8_P10__photo1.jpg,B8,P10
https://raw.githubusercontent.com/communitymaplab/athens-r51-property-appraisal-photos/refs/heads/main/pipeline/data/Bradberry%20appraisals%201962/processed/B8/B8_P11__photo1.jpg,B8,P11
https://raw.githubusercontent.com/communitymaplab/athens-r51-property-appraisal-photos/refs/heads/main/pipeline/data/Bradberry%20appraisals%201962/processed/B8/B8_P11__photo2.jpg,B8,P11
https://raw.githubusercontent.com/communitymaplab/athens-r51-property-appraisal-photos/refs/heads/main/pipeline/data/Bradberry%20appraisals%201962/processed/B8/B8_P12__photo1.jpg,B8,P12
https://raw.githubusercontent.com/communitymaplab/athens-r51-property-appraisal-photos/refs/heads/main/pipeline/data/Bradberry%20appraisals%201962/processed/B8/B8_P12__photo2.jpg,B8,P12
https://raw.githubusercontent.com/communitymaplab/athens-r51-property-appraisal-photos/refs/heads/main/pipeline/data/Bradberry%20appraisals%201962/processed/B8/B8_P12__photo3.jpg,B8,P12
https://raw.githubusercontent.com/communitymaplab/athens-r51-property-appraisal-photos/refs/heads/main/pipeline/data/Bradberry%20appraisals%201962/processed/B8/B8_P12__photo4.jpg,B8,P12
https://raw.githubusercontent.com/communitymaplab/athens-r51-property-appraisal-photos/refs/heads/main/pipeline/data/Bradberry%20appraisals%201962/processed/B9/B9_P1__photo1.jpg,B9,P1
https://raw.githubusercontent.com/communitymaplab/athens-r51-property-appraisal-photos/refs/heads/main/pipeline/data/Bradberry%20appraisals%201962/processed/B9/B9_P2__photo1.jpg,B9,P2
https://raw.githubusercontent.com/communitymaplab/athens-r51-property-appraisal-photos/refs/heads/main/pipeline/data/Bradberry%20appraisals%201962/processed/B9/B9_P3__photo1.jpg,B9,P3
https://raw.githubusercontent.com/communitymaplab/athens-r51-property-appraisal-photos/refs/heads/main/pipeline/data/Bradberry%20appraisals%201962/processed/B9/B9_P4__photo1.jpg,B9,P4
https://raw.githubusercontent.com/communitymaplab/athens-r51-property-appraisal-photos/refs/heads/main/pipeline/data/Bradberry%20appraisals%201962/processed/B9/B9_P5__photo1.jpg,B9,P5
https://raw.githubusercontent.com/communitymaplab/athens-r51-property-appraisal-photos/refs/heads/main/pipeline/data/Bradberry%20appraisals%201962/processed/B9/B9_P6__photo1.jpg,B9,P6
https://raw.githubusercontent.com/communitymaplab/athens-r51-property-appraisal-photos/refs/heads/main/pipeline/data/Bradberry%20appraisals%201962/processed/B9/B9_P6B__photo1.jpg,B9,P6B
https://raw.githubusercontent.com/communitymaplab/athens-r51-property-appraisal-photos/refs/heads/main/pipeline/data/Bradberry%20appraisals%201962/processed/B9/B9_P7__photo1.jpg,B9,P7
https://raw.githubusercontent.com/communitymaplab/athens-r51-property-appraisal-photos/refs/heads/main/pipeline/data/Bradberry%20appraisals%201962/processed/B9/B9_P8__photo1.jpg,B9,P8
https://raw.githubusercontent.com/communitymaplab/athens-r51-property-appraisal-photos/refs/heads/main/pipeline/data/Bradberry%20appraisals%201962/processed/B9/B9_P9__photo1.jpg,B9,P9
https://raw.githubusercontent.com/communitymaplab/athens-r51-property-appraisal-photos/refs/heads/main/pipeline/data/Bradberry%20appraisals%201962/processed/B9/B9_P10__photo1.jpg,B9,P10
https://raw.githubusercontent.com/communitymaplab/athens-r51-property-appraisal-photos/refs/heads/main/pipeline/data/Bradberry%20appraisals%201962/processed/B10/B10_P2__photo1.jpg,B10,P2
https://raw.githubusercontent.com/communitymaplab/athens-r51-property-appraisal-photos/refs/heads/main/pipeline/data/Bradberry%20appraisals%201962/processed/B10/B10_P2__photo2.jpg,B10,P2
https://raw.githubusercontent.com/communitymaplab/athens-r51-property-appraisal-photos/refs/heads/main/pipeline/data/Bradberry%20appraisals%201962/processed/B10/B10_P3__photo1.jpg,B10,P3
https://raw.githubusercontent.com/communitymaplab/athens-r51-property-appraisal-photos/refs/heads/main/pipeline/data/Bradberry%20appraisals%201962/processed/B10/B10_P4__photo1.jpg,B10,P4
https://raw.githubusercontent.com/communitymaplab/athens-r51-property-appraisal-photos/refs/heads/main/pipeline/data/Bradberry%20appraisals%201962/processed/B10/B10_P5__photo1.jpg,B10,P5
https://raw.githubusercontent.com/communitymaplab/athens-r51-property-appraisal-photos/refs/heads/main/pipeline/data/Bradberry%20appraisals%201962/processed/B10/B10_P5__photo2.jpg,B10,P5
https://raw.githubusercontent.com/communitymaplab/athens-r51-property-appraisal-photos/refs/heads/main/pipeline/data/Bradberry%20appraisals%201962/processed/B10/B10_P5__photo3.jpg,B10,P5
https://raw.githubusercontent.com/communitymaplab/athens-r51-property-appraisal-photos/refs/heads/main/pipeline/data/Bradberry%20appraisals%201962/processed/B10/B10_P5__photo4.jpg,B10,P5
https://raw.githubusercontent.com/communitymaplab/athens-r51-property-appraisal-photos/refs/heads/main/pipeline/data/Bradberry%20appraisals%201962/processed/B10/B10_P5__photo5.jpg,B10,P5
https://raw.githubusercontent.com/communitymaplab/athens-r51-property-appraisal-photos/refs/heads/main/pipeline/data/Bradberry%20appraisals%201962/processed/B10/B10_P5__photo6.jpg,B10,P5
https://raw.githubusercontent.com/communitymaplab/athens-r51-property-appraisal-photos/refs/heads/main/pipeline/data/Bradberry%20appraisals%201962/processed/B10/B10_P7__photo1.jpg,B10,P7
https://raw.githubusercontent.com/communitymaplab/athens-r51-property-appraisal-photos/refs/heads/main/pipeline/data/Bradberry%20appraisals%201962/processed/B10/B10_P7__photo2.jpg,B10,P7
https://raw.githubusercontent.com/communitymaplab/athens-r51-property-appraisal-photos/refs/heads/main/pipeline/data/Bradberry%20appraisals%201962/processed/B10/B10_P7__photo3.jpg,B10,P7
https://raw.githubusercontent.com/communitymaplab/athens-r51-property-appraisal-photos/refs/heads/main/pipeline/data/Bradberry%20appraisals%201962/processed/B10/B10_P8__photo1.jpg,B10,P8
https://raw.githubusercontent.com/communitymaplab/athens-r51-property-appraisal-photos/refs/heads/main/pipeline/data/Bradberry%20appraisals%201962/processed/B10/B10_P9__photo1.jpg,B10,P9
https://raw.githubusercontent.com/communitymaplab/athens-r51-property-appraisal-photos/refs/heads/main/pipeline/data/Bradberry%20appraisals%201962/processed/B10/B10_P10__photo1.jpg,B10,P10
https://raw.githubusercontent.com/communitymaplab/athens-r51-property-appraisal-photos/refs/heads/main/pipeline/data/Bradberry%20appraisals%201962/processed/B10/B10_P10__photo2.jpg,B10,P10
https://raw.githubusercontent.com/communitymaplab/athens-r51-property-appraisal-photos/refs/heads/main/pipeline/data/Bradberry%20appraisals%201962/processed/B10/B10_P11__photo1.jpg,B10,P11
https://raw.githubusercontent.com/communitymaplab/athens-r51-property-appraisal-photos/refs/heads/main/pipeline/data/Bradberry%20appraisals%201962/processed/B10/B10_P12__photo1.jpg,B10,P12
https://raw.githubusercontent.com/communitymaplab/athens-r51-property-appraisal-photos/refs/heads/main/pipeline/data/Bradberry%20appraisals%201962/processed/B10/B10_P13__photo1.jpg,B10,P13
https://raw.githubusercontent.com/communitymaplab/athens-r51-property-appraisal-photos/refs/heads/main/pipeline/data/Bradberry%20appraisals%201962/processed/B10/B10_P13__photo2.jpg,B10,P13
https://raw.githubusercontent.com/communitymaplab/athens-r51-property-appraisal-photos/refs/heads/main/pipeline/data/Bradberry%20appraisals%201962/processed/B10/B10_P14__photo1.jpg,B10,P14
https://raw.githubusercontent.com/communitymaplab/athens-r51-property-appraisal-photos/refs/heads/main/pipeline/data/Bradberry%20appraisals%201962/processed/B10/B10_P15__photo1.jpg,B10,P15
https://raw.githubusercontent.com/communitymaplab/athens-r51-property-appraisal-photos/refs/heads/main/pipeline/data/Bradberry%20appraisals%201962/processed/B10/B10_P16__photo1.jpg,B10,P16
https://raw.githubusercontent.com/communitymaplab/athens-r51-property-appraisal-photos/refs/heads/main/pipeline/data/Bradberry%20appraisals%201962/processed/B10/B10_P17__photo1.jpg,B10,P17
https://raw.githubusercontent.com/communitymaplab/athens-r51-property-appraisal-photos/refs/heads/main/pipeline/data/Bradberry%20appraisals%201962/processed/B10/B10_P18__photo1.jpg,B10,P18
https://raw.githubusercontent.com/communitymaplab/athens-r51-property-appraisal-photos/refs/heads/main/pipeline/data/Bradberry%20appraisals%201962/processed/B10/B10_P19__photo1.jpg,B10,P19
https://raw.githubusercontent.com/communitymaplab/athens-r51-property-appraisal-photos/refs/heads/main/pipeline/data/Bradberry%20appraisals%201962/processed/B10/B10_P20__photo1.jpg,B10,P20
https://raw.githubusercontent.com/communitymaplab/athens-r51-property-appraisal-photos/refs/heads/main/pipeline/data/Bradberry%20appraisals%201962/processed/B10/B10_P21__photo1.jpg,B10,P21
https://raw.githubusercontent.com/communitymaplab/athens-r51-property-appraisal-photos/refs/heads/main/pipeline/data/Bradberry%20appraisals%201962/processed/B10/B10_P22__photo1.jpg,B10,P22
https://raw.githubusercontent.com/communitymaplab/athens-r51-property-appraisal-photos/refs/heads/main/pipeline/data/Bradberry%20appraisals%201962/processed/B10/B10_P23__photo1.jpg,B10,P23
https://raw.githubusercontent.com/communitymaplab/athens-r51-property-appraisal-photos/refs/heads/main/pipeline/data/Bradberry%20appraisals%201962/processed/B10/B10_P24__photo1.jpg,B10,P24
https://raw.githubusercontent.com/communitymaplab/athens-r51-property-appraisal-photos/refs/heads/main/pipeline/data/Bradberry%20appraisals%201962/processed/B10/B10_P24__photo2.jpg,B10,P24
https://raw.githubusercontent.com/communitymaplab/athens-r51-property-appraisal-photos/refs/heads/main/pipeline/data/Bradberry%20appraisals%201962/processed/B11/B11_P2__photo1.jpg,B11,P2
https://raw.githubusercontent.com/communitymaplab/athens-r51-property-appraisal-photos/refs/heads/main/pipeline/data/Bradberry%20appraisals%201962/processed/B11/B11_P3__photo1.jpg,B11,P3
https://raw.githubusercontent.com/communitymaplab/athens-r51-property-appraisal-photos/refs/heads/main/pipeline/data/Bradberry%20appraisals%201962/processed/B11/B11_P4__photo1.jpg,B11,P4
https://raw.githubusercontent.com/communitymaplab/athens-r51-property-appraisal-photos/refs/heads/main/pipeline/data/Bradberry%20appraisals%201962/processed/B11/B11_P5__photo1.jpg,B11,P5
https://raw.githubusercontent.com/communitymaplab/athens-r51-property-appraisal-photos/refs/heads/main/pipeline/data/Bradberry%20appraisals%201962/processed/B11/B11_P6__photo1.jpg,B11,P6
https://raw.githubusercontent.com/communitymaplab/athens-r51-property-appraisal-photos/refs/heads/main/pipeline/data/Bradberry%20appraisals%201962/processed/B11/B11_P7__photo1.jpg,B11,P7
https://raw.githubusercontent.com/communitymaplab/athens-r51-property-appraisal-photos/refs/heads/main/pipeline/data/Bradberry%20appraisals%201962/processed/B11/B11_P8__photo1.jpg,B11,P8
https://raw.githubusercontent.com/communitymaplab/athens-r51-property-appraisal-photos/refs/heads/main/pipeline/data/Bradberry%20appraisals%201962/processed/B11/B11_P8__photo2.jpg,B11,P8
https://raw.githubusercontent.com/communitymaplab/athens-r51-property-appraisal-photos/refs/heads/main/pipeline/data/Bradberry%20appraisals%201962/processed/B11/B11_P9__photo1.jpg,B11,P9
https://raw.githubusercontent.com/communitymaplab/athens-r51-property-appraisal-photos/refs/heads/main/pipeline/data/Bradberry%20appraisals%201962/processed/B11/B11_P10__photo1.jpg,B11,P10
https://raw.githubusercontent.com/communitymaplab/athens-r51-property-appraisal-photos/refs/heads/main/pipeline/data/Bradberry%20appraisals%201962/processed/B11/B11_P10__photo2.jpg,B11,P10
https://raw.githubusercontent.com/communitymaplab/athens-r51-property-appraisal-photos/refs/heads/main/pipeline/data/Bradberry%20appraisals%201962/processed/B11/B11_P10__photo3.jpg,B11,P10
https://raw.githubusercontent.com/communitymaplab/athens-r51-property-appraisal-photos/refs/heads/main/pipeline/data/Bradberry%20appraisals%201962/processed/B11/B11_P10__photo4.jpg,B11,P10
https://raw.githubusercontent.com/communitymaplab/athens-r51-property-appraisal-photos/refs/heads/main/pipeline/data/Bradberry%20appraisals%201962/processed/B12/B12_P1__photo1.jpg,B12,P1
https://raw.githubusercontent.com/communitymaplab/athens-r51-property-appraisal-photos/refs/heads/main/pipeline/data/Bradberry%20appraisals%201962/processed/B12/B12_P1__photo2.jpg,B12,P1
https://raw.githubusercontent.com/communitymaplab/athens-r51-property-appraisal-photos/refs/heads/main/pipeline/data/Bradberry%20appraisals%201962/processed/B12/B12_P2__photo1.jpg,B12,P2
https://raw.githubusercontent.com/communitymaplab/athens-r51-property-appraisal-photos/refs/heads/main/pipeline/data/Bradberry%20appraisals%201962/processed/B12/B12_P3__photo1.jpg,B12,P3
https://raw.githubusercontent.com/communitymaplab/athens-r51-property-appraisal-photos/refs/heads/main/pipeline/data/Bradberry%20appraisals%201962/processed/B12/B12_P4__photo1.jpg,B12,P4
https://raw.githubusercontent.com/communitymaplab/athens-r51-property-appraisal-photos/refs/heads/main/pipeline/data/Bradberry%20appraisals%201962/processed/B12/B12_P5__photo1.jpg,B12,P5
https://raw.githubusercontent.com/communitymaplab/athens-r51-property-appraisal-photos/refs/heads/main/pipeline/data/Bradberry%20appraisals%201962/processed/B12/B12_P6__photo1.jpg,B12,P6
https://raw.githubusercontent.com/communitymaplab/athens-r51-property-appraisal-photos/refs/heads/main/pipeline/data/Bradberry%20appraisals%201962/processed/B12/B12_P7__photo1.jpg,B12,P7
https://raw.githubusercontent.com/communitymaplab/athens-r51-property-appraisal-photos/refs/heads/main/pipeline/data/Bradberry%20appraisals%201962/processed/B12/B12_P8__photo1.jpg,B12,P8
https://raw.githubusercontent.com/communitymaplab/athens-r51-property-appraisal-photos/refs/heads/main/pipeline/data/Bradberry%20appraisals%201962/processed/B12/B12_P9__photo1.jpg,B12,P9
https://raw.githubusercontent.com/communitymaplab/athens-r51-property-appraisal-photos/refs/heads/main/pipeline/data/Bradberry%20appraisals%201962/processed/B12/B12_P10__photo1.jpg,B12,P10
https://raw.githubusercontent.com/communitymaplab/athens-r51-property-appraisal-photos/refs/heads/main/pipeline/data/Bradberry%20appraisals%201962/processed/B12/B12_P11__photo1.jpg,B12,P11
https://raw.githubusercontent.com/communitymaplab/athens-r51-property-appraisal-photos/refs/heads/main/pipeline/data/Bradberry%20appraisals%201962/processed/B12/B12_P12__photo1.jpg,B12,P12
https://raw.githubusercontent.com/communitymaplab/athens-r51-property-appraisal-photos/refs/heads/main/pipeline/data/Bradberry%20appraisals%201962/processed/B12/B12_P13__photo1.jpg,B12,P13
https://raw.githubusercontent.com/communitymaplab/athens-r51-property-appraisal-photos/refs/heads/main/pipeline/data/Bradberry%20appraisals%201962/processed/B12/B12_P14__photo1.jpg,B12,P14
https://raw.githubusercontent.com/communitymaplab/athens-r51-property-appraisal-photos/refs/heads/main/pipeline/data/Bradberry%20appraisals%201962/processed/B12/B12_P14__photo2.jpg,B12,P14
https://raw.githubusercontent.com/communitymaplab/athens-r51-property-appraisal-photos/refs/heads/main/pipeline/data/Bradberry%20appraisals%201962/processed/B12/B12_P15__photo1.jpg,B12,P15
https://raw.githubusercontent.com/communitymaplab/athens-r51-property-appraisal-photos/refs/heads/main/pipeline/data/Bradberry%20appraisals%201962/processed/B12/B12_P15__photo2.jpg,B12,P15
https://raw.githubusercontent.com/communitymaplab/athens-r51-property-appraisal-photos/refs/heads/main/pipeline/data/Bradberry%20appraisals%201962/processed/B12/B12_P16__photo1.jpg,B12,P16
https://raw.githubusercontent.com/communitymaplab/athens-r51-property-appraisal-photos/refs/heads/main/pipeline/data/Bradberry%20appraisals%201962/processed/B12/B12_P17__photo1.jpg,B12,P17
https://raw.githubusercontent.com/communitymaplab/athens-r51-property-appraisal-photos/refs/heads/main/pipeline/data/Bradberry%20appraisals%201962/processed/B12/B12_P18__photo1.jpg,B12,P18
https://raw.githubusercontent.com/communitymaplab/athens-r51-property-appraisal-photos/refs/heads/main/pipeline/data/Bradberry%20appraisals%201962/processed/B12/B12_P18__photo2.jpg,B12,P18
https://raw.githubusercontent.com/communitymaplab/athens-r51-property-appraisal-photos/refs/heads/main/pipeline/data/Bradberry%20appraisals%201962/processed/B12/B12_P19__photo1.jpg,B12,P19
https://raw.githubusercontent.com/communitymaplab/athens-r51-property-appraisal-photos/refs/heads/main/pipeline/data/Bradberry%20appraisals%201962/processed/B12/B12_P20__photo1.jpg,B12,P20
https://raw.githubusercontent.com/communitymaplab/athens-r51-property-appraisal-photos/refs/heads/main/pipeline/data/Bradberry%20appraisals%201962/processed/B12/B12_P21__photo1.jpg,B12,P21
https://raw.githubusercontent.com/communitymaplab/athens-r51-property-appraisal-photos/refs/heads/main/pipeline/data/Bradberry%20appraisals%201962/processed/B12/B12_P22__photo1.jpg,B12,P22
https://raw.githubusercontent.com/communitymaplab/athens-r51-property-appraisal-photos/refs/heads/main/pipeline/data/Bradberry%20appraisals%201962/processed/B12/B12_P23__photo1.jpg,B12,P23
https://raw.githubusercontent.com/communitymaplab/athens-r51-property-appraisal-photos/refs/heads/main/pipeline/data/Bradberry%20appraisals%201962/processed/B12/B12_P24__photo1.jpg,B12,P24
https://raw.githubusercontent.com/communitymaplab/athens-r51-property-appraisal-photos/refs/heads/main/pipeline/data/Bradberry%20appraisals%201962/processed/B12/B12_P25__photo1.jpg,B12,P25
https://raw.githubusercontent.com/communitymaplab/athens-r51-property-appraisal-photos/refs/heads/main/pipeline/data/Bradberry%20appraisals%201962/processed/B12/B12_P26__photo1.jpg,B12,P26
https://raw.githubusercontent.com/communitymaplab/athens-r51-property-appraisal-photos/refs/heads/main/pipeline/data/Bradberry%20appraisals%201962/processed/B12/B12_P27__photo1.jpg,B12,P27
https://raw.githubusercontent.com/communitymaplab/athens-r51-property-appraisal-photos/refs/heads/main/pipeline/data/Bradberry%20appraisals%201962/processed/B12/B12_P28__photo1.jpg,B12,P28
https://raw.githubusercontent.com/communitymaplab/athens-r51-property-appraisal-photos/refs/heads/main/pipeline/data/Bradberry%20appraisals%201962/processed/B12/B12_P29__photo1.jpg,B12,P29
https://raw.githubusercontent.com/communitymaplab/athens-r51-property-appraisal-photos/refs/heads/main/pipeline/data/Bradberry%20appraisals%201962/processed/B12/B12_P30__photo1.jpg,B12,P30
https://raw.githubusercontent.com/communitymaplab/athens-r51-property-appraisal-photos/refs/heads/main/pipeline/data/Bradberry%20appraisals%201962/processed/B13/B13_P1__photo1.jpg,B13,P1
https://raw.githubusercontent.com/communitymaplab/athens-r51-property-appraisal-photos/refs/heads/main/pipeline/data/Bradberry%20appraisals%201962/processed/B13/B13_P2__photo1.jpg,B13,P2
https://raw.githubusercontent.com/communitymaplab/athens-r51-property-appraisal-photos/refs/heads/main/pipeline/data/Bradberry%20appraisals%201962/processed/B13/B13_P3__photo1.jpg,B13,P3
https://raw.githubusercontent.com/communitymaplab/athens-r51-property-appraisal-photos/refs/heads/main/pipeline/data/Bradberry%20appraisals%201962/processed/B14/B14_P1__photo1.jpg,B14,P1
https://raw.githubusercontent.com/communitymaplab/athens-r51-property-appraisal-photos/refs/heads/main/pipeline/data/Bradberry%20appraisals%201962/processed/B14/B14_P1__photo2.jpg,B14,P1
https://raw.githubusercontent.com/communitymaplab/athens-r51-property-appraisal-photos/refs/heads/main/pipeline/data/Bradberry%20appraisals%201962/processed/B14/B14_P1__photo3.jpg,B14,P1
https://raw.githubusercontent.com/communitymaplab/athens-r51-property-appraisal-photos/refs/heads/main/pipeline/data/Bradberry%20appraisals%201962/processed/B14/B14_P2__photo1.jpg,B14,P2
https://raw.githubusercontent.com/communitymaplab/athens-r51-property-appraisal-photos/refs/heads/main/pipeline/data/Bradberry%20appraisals%201962/processed/B14/B14_P3__photo1.jpg,B14,P3
https://raw.githubusercontent.com/communitymaplab/athens-r51-property-appraisal-photos/refs/heads/main/pipeline/data/Bradberry%20appraisals%201962/processed/B14/B14_P4__photo1.jpg,B14,P4
https://raw.githubusercontent.com/communitymaplab/athens-r51-property-appraisal-photos/refs/heads/main/pipeline/data/Bradberry%20appraisals%201962/processed/B14/B14_P5__photo1.jpg,B14,P5
https://raw.githubusercontent.com/communitymaplab/athens-r51-property-appraisal-photos/refs/heads/main/pipeline/data/Bradberry%20appraisals%201962/processed/B14/B14_P6__photo1.jpg,B14,P6
https://raw.githubusercontent.com/communitymaplab/athens-r51-property-appraisal-photos/refs/heads/main/pipeline/data/Bradberry%20appraisals%201962/processed/B14/B14_P7__photo1.jpg,B14,P7
https://raw.githubusercontent.com/communitymaplab/athens-r51-property-appraisal-photos/refs/heads/main/pipeline/data/Bradberry%20appraisals%201962/processed/B14/B14_P8__photo1.jpg,B14,P8
https://raw.githubusercontent.com/communitymaplab/athens-r51-property-appraisal-photos/refs/heads/main/pipeline/data/Bradberry%20appraisals%201962/processed/B14/B14_P9__photo1.jpg,B14,P9
https://raw.githubusercontent.com/communitymaplab/athens-r51-property-appraisal-photos/refs/heads/main/pipeline/data/Bradberry%20appraisals%201962/processed/B14/B14_P10__photo1.jpg,B14,P10
https://raw.githubusercontent.com/communitymaplab/athens-r51-property-appraisal-photos/refs/heads/main/pipeline/data/Bradberry%20appraisals%201962/processed/B14/B14_P10__photo2.jpg,B14,P10
https://raw.githubusercontent.com/communitymaplab/athens-r51-property-appraisal-photos/refs/heads/main/pipeline/data/Bradberry%20appraisals%201962/processed/B15/B15_P2__photo1.jpg,B15,P2
https://raw.githubusercontent.com/communitymaplab/athens-r51-property-appraisal-photos/refs/heads/main/pipeline/data/Bradberry%20appraisals%201962/processed/B15/B15_P2__photo2.jpg,B15,P2
https://raw.githubusercontent.com/communitymaplab/athens-r51-property-appraisal-photos/refs/heads/main/pipeline/data/Bradberry%20appraisals%201962/processed/B15/B15_P2__photo3.jpg,B15,P2
https://raw.githubusercontent.com/communitymaplab/athens-r51-property-appraisal-photos/refs/heads/main/pipeline/data/Bradberry%20appraisals%201962/processed/B15/B15_P2__photo4.jpg,B15,P2
https://raw.githubusercontent.com/communitymaplab/athens-r51-property-appraisal-photos/refs/heads/main/pipeline/data/Bradberry%20appraisals%201962/processed/B15/B15_P2__photo5.jpg,B15,P2
https://raw.githubusercontent.com/communitymaplab/athens-r51-property-appraisal-photos/refs/heads/main/pipeline/data/Bradberry%20appraisals%201962/processed/B16/B16_P1__photo1.jpg,B16,P1
https://raw.githubusercontent.com/communitymaplab/athens-r51-property-appraisal-photos/refs/heads/main/pipeline/data/Bradberry%20appraisals%201962/processed/B16/B16_P2__photo1.jpg,B16,P2
https://raw.githubusercontent.com/communitymaplab/athens-r51-property-appraisal-photos/refs/heads/main/pipeline/data/Bradberry%20appraisals%201962/processed/B16/B16_P4__photo1.jpg,B16,P4
https://raw.githubusercontent.com/communitymaplab/athens-r51-property-appraisal-photos/refs/heads/main/pipeline/data/Bradberry%20appraisals%201962/processed/B16/B16_P4__photo2.jpg,B16,P4
https://raw.githubusercontent.com/communitymaplab/athens-r51-property-appraisal-photos/refs/heads/main/pipeline/data/Bradberry%20appraisals%201962/processed/B16/B16_P7__photo1.jpg,B16,P7
https://raw.githubusercontent.com/communitymaplab/athens-r51-property-appraisal-photos/refs/heads/main/pipeline/data/Bradberry%20appraisals%201962/processed/B16/B16_P8__photo1.jpg,B16,P8
https://raw.githubusercontent.com/communitymaplab/athens-r51-property-appraisal-photos/refs/heads/main/pipeline/data/Bradberry%20appraisals%201962/processed/B16/B16_P9__photo1.jpg,B16,P9
https://raw.githubusercontent.com/communitymaplab/athens-r51-property-appraisal-photos/refs/heads/main/pipeline/data/Bradberry%20appraisals%201962/processed/B16/B16_P10__photo1.jpg,B16,P10
https://raw.githubusercontent.com/communitymaplab/athens-r51-property-appraisal-photos/refs/heads/main/pipeline/data/Bradberry%20appraisals%201962/processed/B17/B17_P1__photo1.jpg,B17,P1
https://raw.githubusercontent.com/communitymaplab/athens-r51-property-appraisal-photos/refs/heads/main/pipeline/data/Bradberry%20appraisals%201962/processed/B17/B17_P2__photo1.jpg,B17,P2
https://raw.githubusercontent.com/communitymaplab/athens-r51-property-appraisal-photos/refs/heads/main/pipeline/data/Bradberry%20appraisals%201962/processed/B17/B17_P3__photo1.jpg,B17,P3
https://raw.githubusercontent.com/communitymaplab/athens-r51-property-appraisal-photos/refs/heads/main/pipeline/data/Bradberry%20appraisals%201962/processed/B17/B17_P5__photo1.jpg,B17,P5
https://raw.githubusercontent.com/communitymaplab/athens-r51-property-appraisal-photos/refs/heads/main/pipeline/data/Bradberry%20appraisals%201962/processed/B17/B17_P5__photo2.jpg,B17,P5
https://raw.githubusercontent.com/communitymaplab/athens-r51-property-appraisal-photos/refs/heads/main/pipeline/data/Bradberry%20appraisals%201962/processed/B17/B17_P5__photo3.jpg,B17,P5
https://raw.githubusercontent.com/communitymaplab/athens-r51-property-appraisal-photos/refs/heads/main/pipeline/data/Bradberry%20appraisals%201962/processed/B17/B17_P5__photo4.jpg,B17,P5
https://raw.githubusercontent.com/communitymaplab/athens-r51-property-appraisal-photos/refs/heads/main/pipeline/data/Bradberry%20appraisals%201962/processed/B18/B18_P1__photo1.jpg,B18,P1
https://raw.githubusercontent.com/communitymaplab/athens-r51-property-appraisal-photos/refs/heads/main/pipeline/data/Bradberry%20appraisals%201962/processed/B18/B18_P2P3__photo1.jpg,B18,P2
https://raw.githubusercontent.com/communitymaplab/athens-r51-property-appraisal-photos/refs/heads/main/pipeline/data/Bradberry%20appraisals%201962/processed/B18/B18_P2P3__photo1.jpg,B18,P3
https://raw.githubusercontent.com/communitymaplab/athens-r51-property-appraisal-photos/refs/heads/main/pipeline/data/Bradberry%20appraisals%201962/processed/B18/B18_P2P3__photo2.jpg,B18,P2
https://raw.githubusercontent.com/communitymaplab/athens-r51-property-appraisal-photos/refs/heads/main/pipeline/data/Bradberry%20appraisals%201962/processed/B18/B18_P2P3__photo2.jpg,B18,P3
https://raw.githubusercontent.com/communitymaplab/athens-r51-property-appraisal-photos/refs/heads/main/pipeline/data/Bradberry%20appraisals%201962/processed/B18/B18_P2P3__photo3.jpg,B18,P2
https://raw.githubusercontent.com/communitymaplab/athens-r51-property-appraisal-photos/refs/heads/main/pipeline/data/Bradberry%20appraisals%201962/processed/B18/B18_P2P3__photo3.jpg,B18,P3
https://raw.githubusercontent.com/communitymaplab/athens-r51-property-appraisal-photos/refs/heads/main/pipeline/data/Bradberry%20appraisals%201962/processed/B18/B18_P2P3__photo4.jpg,B18,P2
https://raw.githubusercontent.com/communitymaplab/athens-r51-property-appraisal-photos/refs/heads/main/pipeline/data/Bradberry%20appraisals%201962/processed/B18/B18_P2P3__photo4.jpg,B18,P3
https://raw.githubusercontent.com/communitymaplab/athens-r51-property-appraisal-photos/refs/heads/main/pipeline/data/Bradberry%20appraisals%201962/processed/B18/B18_P6__photo1.jpg,B18,P6
https://raw.githubusercontent.com/communitymaplab/athens-r51-property-appraisal-photos/refs/heads/main/pipeline/data/Bradberry%20appraisals%201962/processed/B18/B18_P7__photo1.jpg,B18,P7
https://raw.githubusercontent.com/communitymaplab/athens-r51-property-appraisal-photos/refs/heads/main/pipeline/data/Bradberry%20appraisals%201962/processed/B19/B19_P1__photo1.jpg,B19,P1
https://raw.githubusercontent.com/communitymaplab/athens-r51-property-appraisal-photos/refs/heads/main/pipeline/data/Bradberry%20appraisals%201962/processed/B19/B19_P2__photo1.jpg,B19,P2
https://raw.githubusercontent.com/communitymaplab/athens-r51-property-appraisal-photos/refs/heads/main/pipeline/data/Bradberry%20appraisals%201962/processed/B19/B19_P3__photo1.jpg,B19,P3
https://raw.githubusercontent.com/communitymaplab/athens-r51-property-appraisal-photos/refs/heads/main/pipeline/data/Bradberry%20appraisals%201962/processed/B19/B19_P4__photo1.jpg,B19,P4
https://raw.githubusercontent.com/communitymaplab/athens-r51-property-appraisal-photos/refs/heads/main/pipeline/data/Bradberry%20appraisals%201962/processed/B19/B19_P4__photo2.jpg,B19,P4
https://raw.githubusercontent.com/communitymaplab/athens-r51-property-appraisal-photos/refs/heads/main/pipeline/data/Bradberry%20appraisals%201962/processed/B19/B19_P6__photo1.jpg,B19,P6
https://raw.githubusercontent.com/communitymaplab/athens-r51-property-appraisal-photos/refs/heads/main/pipeline/data/Bradberry%20appraisals%201962/processed/B19/B19_P7__photo1.jpg,B19,P7
https://raw.githubusercontent.com/communitymaplab/athens-r51-property-appraisal-photos/refs/heads/main/pipeline/data/Bradberry%20appraisals%201962/processed/B19/B19_P8__photo1.jpg,B19,P8
https://raw.githubusercontent.com/communitymaplab/athens-r51-property-appraisal-photos/refs/heads/main/pipeline/data/Bradberry%20appraisals%201962/processed/B19/B19_P9__photo1.jpg,B19,P9
https://raw.githubusercontent.com/communitymaplab/athens-r51-property-appraisal-photos/refs/heads/main/pipeline/data/Bradberry%20appraisals%201962/processed/B19/B19_P9__photo2.jpg,B19,P9
https://raw.githubusercontent.com/communitymaplab/athens-r51-property-appraisal-photos/refs/heads/main/pipeline/data/Bradberry%20appraisals%201962/processed/B19/B19_P10__photo1.jpg,B19,P10
https://raw.githubusercontent.com/communitymaplab/athens-r51-property-appraisal-photos/refs/heads/main/pipeline/data/Bradberry%20appraisals%201962/processed/B19/B19_P11__photo1.jpg,B19,P11
https://raw.githubusercontent.com/communitymaplab/athens-r51-property-appraisal-photos/refs/heads/main/pipeline/data/Bradberry%20appraisals%201962/processed/B19/B19_P12__photo1.jpg,B19,P12
https://raw.githubusercontent.com/communitymaplab/athens-r51-property-appraisal-photos/refs/heads/main/pipeline/data/Bradberry%20appraisals%201962/processed/B19/B19_P13__photo1.jpg,B19,P13
https://raw.githubusercontent.com/communitymaplab/athens-r51-property-appraisal-photos/refs/heads/main/pipeline/data/Bradberry%20appraisals%201962/processed/B19/B19_P13__photo2.jpg,B19,P13
https://raw.githubusercontent.com/communitymaplab/athens-r51-property-appraisal-photos/refs/heads/main/pipeline/data/Bradberry%20appraisals%201962/processed/B20/B20_P1__photo1.jpg,B20,P1
https://raw.githubusercontent.com/communitymaplab/athens-r51-property-appraisal-photos/refs/heads/main/pipeline/data/Bradberry%20appraisals%201962/processed/B20/B20_P2__photo1.jpg,B20,P2
https://raw.githubusercontent.com/communitymaplab/athens-r51-property-appraisal-photos/refs/heads/main/pipeline/data/Bradberry%20appraisals%201962/processed/B20/B20_P2__photo2.jpg,B20,P2
https://raw.githubusercontent.com/communitymaplab/athens-r51-property-appraisal-photos/refs/heads/main/pipeline/data/Bradberry%20appraisals%201962/processed/B20/B20_P3__photo1.jpg,B20,P3
https://raw.githubusercontent.com/communitymaplab/athens-r51-property-appraisal-photos/refs/heads/main/pipeline/data/Bradberry%20appraisals%201962/processed/B20/B20_P4__photo1.jpg,B20,P4
https://raw.githubusercontent.com/communitymaplab/athens-r51-property-appraisal-photos/refs/heads/main/pipeline/data/Bradberry%20appraisals%201962/processed/B20/B20_P5__photo1.jpg,B20,P5
https://raw.githubusercontent.com/communitymaplab/athens-r51-property-appraisal-photos/refs/heads/main/pipeline/data/Bradberry%20appraisals%201962/processed/B20/B20_P6__photo1.jpg,B20,P6
https://raw.githubusercontent.com/communitymaplab/athens-r51-property-appraisal-photos/refs/heads/main/pipeline/data/Bradberry%20appraisals%201962/processed/B20/B20_P7__photo1.jpg,B20,P7
https://raw.githubusercontent.com/communitymaplab/athens-r51-property-appraisal-photos/refs/heads/main/pipeline/data/Bradberry%20appraisals%201962/processed/B20/B20_P8__photo1.jpg,B20,P8
https://raw.githubusercontent.com/communitymaplab/athens-r51-property-appraisal-photos/refs/heads/main/pipeline/data/Bradberry%20appraisals%201962/processed/B20/B20_P9__photo1.jpg,B20,P9
https://raw.githubusercontent.com/communitymaplab/athens-r51-property-appraisal-photos/refs/heads/main/pipeline/data/Bradberry%20appraisals%201962/processed/B20/B20_P10__photo1.jpg,B20,P10
https://raw.githubusercontent.com/communitymaplab/athens-r51-property-appraisal-photos/refs/heads/main/pipeline/data/Bradberry%20appraisals%201962/processed/B21/B21_P1__photo1.jpg,B21,P1
https://raw.githubusercontent.com/communitymaplab/athens-r51-property-appraisal-photos/refs/heads/main/pipeline/data/Bradberry%20appraisals%201962/processed/B21/B21_P2__photo1.jpg,B21,P2
https://raw.githubusercontent.com/communitymaplab/athens-r51-property-appraisal-photos/refs/heads/main/pipeline/data/Bradberry%20appraisals%201962/processed/B21/B21_P3__photo1.jpg,B21,P3
https://raw.githubusercontent.com/communitymaplab/athens-r51-property-appraisal-photos/refs/heads/main/pipeline/data/Bradberry%20appraisals%201962/processed/B21/B21_P5__photo1.jpg,B21,P5
https://raw.githubusercontent.com/communitymaplab/athens-r51-property-appraisal-photos/refs/heads/main/pipeline/data/Bradberry%20appraisals%201962/processed/B21/B21_P5__photo2.jpg,B21,P5
https://raw.githubusercontent.com/communitymaplab/athens-r51-property-appraisal-photos/refs/heads/main/pipeline/data/Bradberry%20appraisals%201962/processed/B21/B21_P5__photo3.jpg,B21,P5
https://raw.githubusercontent.com/communitymaplab/athens-r51-property-appraisal-photos/refs/heads/main/pipeline/data/Bradberry%20appraisals%201962/processed/B21/B21_P6__photo1.jpg,B21,P6
https://raw.githubusercontent.com/communitymaplab/athens-r51-property-appraisal-photos/refs/heads/main/pipeline/data/Bradberry%20appraisals%201962/processed/B22/B22_P1__photo1.jpg,B22,P1
https://raw.githubusercontent.com/communitymaplab/athens-r51-property-appraisal-photos/refs/heads/main/pipeline/data/Bradberry%20appraisals%201962/processed/B22/B22_P2__photo1.jpg,B22,P2
https://raw.githubusercontent.com/communitymaplab/athens-r51-property-appraisal-photos/refs/heads/main/pipeline/data/Bradberry%20appraisals%201962/processed/B22/B22_P2__photo2.jpg,B22,P2
https://raw.githubusercontent.com/communitymaplab/athens-r51-property-appraisal-photos/refs/heads/main/pipeline/data/Bradberry%20appraisals%201962/processed/B22/B22_P3__photo1.jpg,B22,P3
https://raw.githubusercontent.com/communitymaplab/athens-r51-property-appraisal-photos/refs/heads/main/pipeline/data/Bradberry%20appraisals%201962/processed/B22/B22_P4__photo1.jpg,B22,P4
https://raw.githubusercontent.com/communitymaplab/athens-r51-property-appraisal-photos/refs/heads/main/pipeline/data/Bradberry%20appraisals%201962/processed/B22/B22_P5__photo1.jpg,B22,P5
https://raw.githubusercontent.com/communitymaplab/athens-r51-property-appraisal-photos/refs/heads/main/pipeline/data/Bradberry%20appraisals%201962/processed/B22/B22_P5A__photo1.jpg,B22,P5A
https://raw.githubusercontent.com/communitymaplab/athens-r51-property-appraisal-photos/refs/heads/main/pipeline/data/Bradberry%20appraisals%201962/processed/B22/B22_P6__photo1.jpg,B22,P6
https://raw.githubusercontent.com/communitymaplab/athens-r51-property-appraisal-photos/refs/heads/main/pipeline/data/Bradberry%20appraisals%201962/processed/B22/B22_P7__photo1.jpg,B22,P7
https://raw.githubusercontent.com/communitymaplab/athens-r51-property-appraisal-photos/refs/heads/main/pipeline/data/Bradberry%20appraisals%201962/processed/B22/B22_P8__photo1.jpg,B22,P8
https://raw.githubusercontent.com/communitymaplab/athens-r51-property-appraisal-photos/refs/heads/main/pipeline/data/Bradberry%20appraisals%201962/processed/B22/B22_P9__photo1.jpg,B22,P9
https://raw.githubusercontent.com/communitymaplab/athens-r51-property-appraisal-photos/refs/heads/main/pipeline/data/Bradberry%20appraisals%201962/processed/B22/B22_P9__photo2.jpg,B22,P9
https://raw.githubusercontent.com/communitymaplab/athens-r51-property-appraisal-photos/refs/heads/main/pipeline/data/Bradberry%20appraisals%201962/processed/B23/B23_P1__photo1.jpg,B23,P1
https://raw.githubusercontent.com/communitymaplab/athens-r51-property-appraisal-photos/refs/heads/main/pipeline/data/Bradberry%20appraisals%201962/processed/B23/B23_P5__photo1.jpg,B23,P5
https://raw.githubusercontent.com/communitymaplab/athens-r51-property-appraisal-photos/refs/heads/main/pipeline/data/Bradberry%20appraisals%201962/processed/B24/B24_P1__photo1.jpg,B24,P1
https://raw.githubusercontent.com/communitymaplab/athens-r51-property-appraisal-photos/refs/heads/main/pipeline/data/Bradberry%20appraisals%201962/processed/B24/B24_P2__photo1.jpg,B24,P2
https://raw.githubusercontent.com/communitymaplab/athens-r51-property-appraisal-photos/refs/heads/main/pipeline/data/Bradberry%20appraisals%201962/processed/B24/B24_P4__photo1.jpg,B24,P4
https://raw.githubusercontent.com/communitymaplab/athens-r51-property-appraisal-photos/refs/heads/main/pipeline/data/Bradberry%20appraisals%201962/processed/B24/B24_P3__photo1.jpg,B24,P3
https://raw.githubusercontent.com/communitymaplab/athens-r51-property-appraisal-photos/refs/heads/main/pipeline/data/Bradberry%20appraisals%201962/processed/B24/B24_P6__photo1.jpg,B24,P6
https://raw.githubusercontent.com/communitymaplab/athens-r51-property-appraisal-photos/refs/heads/main/pipeline/data/Bradberry%20appraisals%201962/processed/B24/B24_P7__photo1.jpg,B24,P7
https://raw.githubusercontent.com/communitymaplab/athens-r51-property-appraisal-photos/refs/heads/main/pipeline/data/Bradberry%20appraisals%201962/processed/B25/B25_P1__photo1.jpg,B25,P1
https://raw.githubusercontent.com/communitymaplab/athens-r51-property-appraisal-photos/refs/heads/main/pipeline/data/Bradberry%20appraisals%201962/processed/B25/B25_P2__photo1.jpg,B25,P2
https://raw.githubusercontent.com/communitymaplab/athens-r51-property-appraisal-photos/refs/heads/main/pipeline/data/Bradberry%20appraisals%201962/processed/B25/B25_P3__photo1.jpg,B25,P3
https://raw.githubusercontent.com/communitymaplab/athens-r51-property-appraisal-photos/refs/heads/main/pipeline/data/Bradberry%20appraisals%201962/processed/B25/B25_P4__photo1.jpg,B25,P4
https://raw.githubusercontent.com/communitymaplab/athens-r51-property-appraisal-photos/refs/heads/main/pipeline/data/Bradberry%20appraisals%201962/processed/B25/B25_P4A__photo1.jpg,B25,P4A
https://raw.githubusercontent.com/communitymaplab/athens-r51-property-appraisal-photos/refs/heads/main/pipeline/data/Bradberry%20appraisals%201962/processed/B25/B25_P6__photo1.jpg,B25,P6
https://raw.githubusercontent.com/communitymaplab/athens-r51-property-appraisal-photos/refs/heads/main/pipeline/data/Bradberry%20appraisals%201962/processed/B25/B25_P6__photo2.jpg,B25,P6
https://raw.githubusercontent.com/communitymaplab/athens-r51-property-appraisal-photos/refs/heads/main/pipeline/data/Bradberry%20appraisals%201962/processed/B25/B25_P7__photo1.jpg,B25,P7
https://raw.githubusercontent.com/communitymaplab/athens-r51-property-appraisal-photos/refs/heads/main/pipeline/data/Bradberry%20appraisals%201962/processed/B25/B25_P8__photo1.jpg,B25,P8
https://raw.githubusercontent.com/communitymaplab/athens-r51-property-appraisal-photos/refs/heads/main/pipeline/data/Bradberry%20appraisals%201962/processed/B25/B25_P9__photo1.jpg,B25,P9
https://raw.githubusercontent.com/communitymaplab/athens-r51-property-appraisal-photos/refs/heads/main/pipeline/data/Bradberry%20appraisals%201962/processed/B25/B25_P10__photo1.jpg,B25,P10
https://raw.githubusercontent.com/communitymaplab/athens-r51-property-appraisal-photos/refs/heads/main/pipeline/data/Bradberry%20appraisals%201962/processed/B25/B25_P11__photo1.jpg,B25,P11
https://raw.githubusercontent.com/communitymaplab/athens-r51-property-appraisal-photos/refs/heads/main/pipeline/data/Bradberry%20appraisals%201962/processed/B26/B26_P14__photo1.jpg,B26,P14
https://raw.githubusercontent.com/communitymaplab/athens-r51-property-appraisal-photos/refs/heads/main/pipeline/data/Bradberry%20appraisals%201962/processed/B27/B27_P1__photo1.jpg,B27,P1
https://raw.githubusercontent.com/communitymaplab/athens-r51-property-appraisal-photos/refs/heads/main/pipeline/data/Bradberry%20appraisals%201962/processed/B28/B28_P1__photo1.jpg,B28,P1
https://raw.githubusercontent.com/communitymaplab/athens-r51-property-appraisal-photos/refs/heads/main/pipeline/data/Bradberry%20appraisals%201962/processed/B28/B28_P2__photo1.jpg,B28,P2
https://raw.githubusercontent.com/communitymaplab/athens-r51-property-appraisal-photos/refs/heads/main/pipeline/data/Bradberry%20appraisals%201962/processed/B28/B28_P3__photo1.jpg,B28,P3
https://raw.githubusercontent.com/communitymaplab/athens-r51-property-appraisal-photos/refs/heads/main/pipeline/data/Bradberry%20appraisals%201962/processed/B28/B28_P4P5__photo1.jpg,B28,P4
https://raw.githubusercontent.com/communitymaplab/athens-r51-property-appraisal-photos/refs/heads/main/pipeline/data/Bradberry%20appraisals%201962/processed/B28/B28_P4P5__photo1.jpg,B28,P5
https://raw.githubusercontent.com/communitymaplab/athens-r51-property-appraisal-photos/refs/heads/main/pipeline/data/Bradberry%20appraisals%201962/processed/B28/B28_P6__photo1.jpg,B28,P6
https://raw.githubusercontent.com/communitymaplab/athens-r51-property-appraisal-photos/refs/heads/main/pipeline/data/Bradberry%20appraisals%201962/processed/B28/B28_P7__photo1.jpg,B28,P7
https://raw.githubusercontent.com/communitymaplab/athens-r51-property-appraisal-photos/refs/heads/main/pipeline/data/Bradberry%20appraisals%201962/processed/B30/B30_P1__photo1.jpg,B30,P1
https://raw.githubusercontent.com/communitymaplab/athens-r51-property-appraisal-photos/refs/heads/main/pipeline/data/Bradberry%20appraisals%201962/processed/B30/B30_P1__photo2.jpg,B30,P1
https://raw.githubusercontent.com/communitymaplab/athens-r51-property-appraisal-photos/refs/heads/main/pipeline/data/Bradberry%20appraisals%201962/processed/B30/B30_P1__photo3.jpg,B30,P1
https://raw.githubusercontent.com/communitymaplab/athens-r51-property-appraisal-photos/refs/heads/main/pipeline/data/Bradberry%20appraisals%201962/processed/B30/B30_P1__photo4.jpg,B30,P1
https://raw.githubusercontent.com/communitymaplab/athens-r51-property-appraisal-photos/refs/heads/main/pipeline/data/Bradberry%20appraisals%201962/processed/B30/B30_P2__photo1.jpg,B30,P2
https://raw.githubusercontent.com/communitymaplab/athens-r51-property-appraisal-photos/refs/heads/main/pipeline/data/Bradberry%20appraisals%201962/processed/B2A/B2A_P1__photo1.jpg,B2A,P1
https://raw.githubusercontent.com/communitymaplab/athens-r51-property-appraisal-photos/refs/heads/main/pipeline/data/Bradberry%20appraisals%201962/processed/B2A/B2A_P1__photo2.jpg,B2A,P1
https://raw.githubusercontent.com/communitymaplab/athens-r51-property-appraisal-photos/refs/heads/main/pipeline/data/Bradberry%20appraisals%201962/processed/B2A/B2A_P4__photo1.jpg,B2A,P4
https://raw.githubusercontent.com/communitymaplab/athens-r51-property-appraisal-photos/refs/heads/main/pipeline/data/Diaz%20appraisals%201964/processed/B1/B1_P3__photo1.jpg,B1,P3
https://raw.githubusercontent.com/communitymaplab/athens-r51-property-appraisal-photos/refs/heads/main/pipeline/data/Diaz%20appraisals%201964/processed/B1/B1_P3__photo2.jpg,B1,P3
https://raw.githubusercontent.com/communitymaplab/athens-r51-property-appraisal-photos/refs/heads/main/pipeline/data/Diaz%20appraisals%201964/processed/B1/B1_P4__photo1.jpg,B1,P4
https://raw.githubusercontent.com/communitymaplab/athens-r51-property-appraisal-photos/refs/heads/main/pipeline/data/Diaz%20appraisals%201964/processed/B1/B1_P4__photo2.jpg,B1,P4
https://raw.githubusercontent.com/communitymaplab/athens-r51-property-appraisal-photos/refs/heads/main/pipeline/data/Diaz%20appraisals%201964/processed/B1/B1_P5__photo1.jpg,B1,P5
https://raw.githubusercontent.com/communitymaplab/athens-r51-property-appraisal-photos/refs/heads/main/pipeline/data/Diaz%20appraisals%201964/processed/B1/B1_P5__photo2.jpg,B1,P5
https://raw.githubusercontent.com/communitymaplab/athens-r51-property-appraisal-photos/refs/heads/main/pipeline/data/Diaz%20appraisals%201964/processed/B1/B1_P6__photo1.jpg,B1,P6
https://raw.githubusercontent.com/communitymaplab/athens-r51-property-appraisal-photos/refs/heads/main/pipeline/data/Diaz%20appraisals%201964/processed/B1/B1_P6__photo2.jpg,B1,P6
https://raw.githubusercontent.com/communitymaplab/athens-r51-property-appraisal-photos/refs/heads/main/pipeline/data/Diaz%20appraisals%201964/processed/B1/B1_P7__photo1.jpg,B1,P7
https://raw.githubusercontent.com/communitymaplab/athens-r51-property-appraisal-photos/refs/heads/main/pipeline/data/Diaz%20appraisals%201964/processed/B1/B1_P7__photo2.jpg,B1,P7
https://raw.githubusercontent.com/communitymaplab/athens-r51-property-appraisal-photos/refs/heads/main/pipeline/data/Diaz%20appraisals%201964/processed/B1/B1_P7__photo3.jpg,B1,P7
https://raw.githubusercontent.com/communitymaplab/athens-r51-property-appraisal-photos/refs/heads/main/pipeline/data/Diaz%20appraisals%201964/processed/B1/B1_P8__photo1.jpg,B1,P8
https://raw.githubusercontent.com/communitymaplab/athens-r51-property-appraisal-photos/refs/heads/main/pipeline/data/Diaz%20appraisals%201964/processed/B1/B1_P8__photo2.jpg,B1,P8
https://raw.githubusercontent.com/communitymaplab/athens-r51-property-appraisal-photos/refs/heads/main/pipeline/data/Diaz%20appraisals%201964/processed/B1/B1_P9__photo1.jpg,B1,P9
https://raw.githubusercontent.com/communitymaplab/athens-r51-property-appraisal-photos/refs/heads/main/pipeline/data/Diaz%20appraisals%201964/processed/B1/B1_P9__photo2.jpg,B1,P9
https://raw.githubusercontent.com/communitymaplab/athens-r51-property-appraisal-photos/refs/heads/main/pipeline/data/Diaz%20appraisals%201964/processed/B1/B1_P11__photo1.jpg,B1,P11
https://raw.githubusercontent.com/communitymaplab/athens-r51-property-appraisal-photos/refs/heads/main/pipeline/data/Diaz%20appraisals%201964/processed/B1/B1_P11__photo2.jpg,B1,P11
https://raw.githubusercontent.com/communitymaplab/athens-r51-property-appraisal-photos/refs/heads/main/pipeline/data/Diaz%20appraisals%201964/processed/B1/B1_P11__photo3.jpg,B1,P11
https://raw.githubusercontent.com/communitymaplab/athens-r51-property-appraisal-photos/refs/heads/main/pipeline/data/Diaz%20appraisals%201964/processed/B1/B1_P11__photo4.jpg,B1,P11
https://raw.githubusercontent.com/communitymaplab/athens-r51-property-appraisal-photos/refs/heads/main/pipeline/data/Diaz%20appraisals%201964/processed/B1/B1_P11__photo5.jpg,B1,P11
https://raw.githubusercontent.com/communitymaplab/athens-r51-property-appraisal-photos/refs/heads/main/pipeline/data/Diaz%20appraisals%201964/processed/B1/B1_P11__photo6.jpg,B1,P11
https://raw.githubusercontent.com/communitymaplab/athens-r51-property-appraisal-photos/refs/heads/main/pipeline/data/Diaz%20appraisals%201964/processed/B1/B1_P11__photo7.jpg,B1,P11
https://raw.githubusercontent.com/communitymaplab/athens-r51-property-appraisal-photos/refs/heads/main/pipeline/data/Diaz%20appraisals%201964/processed/B1/B1_P11__photo8.jpg,B1,P11
https://raw.githubusercontent.com/communitymaplab/athens-r51-property-appraisal-photos/refs/heads/main/pipeline/data/Diaz%20appraisals%201964/processed/B1/B1_P11__photo9.jpg,B1,P11
https://raw.githubusercontent.com/communitymaplab/athens-r51-property-appraisal-photos/refs/heads/main/pipeline/data/Diaz%20appraisals%201964/processed/B1/B1_P11__photo10.jpg,B1,P11
https://raw.githubusercontent.com/communitymaplab/athens-r51-property-appraisal-photos/refs/heads/main/pipeline/data/Diaz%20appraisals%201964/processed/B1/B1_P12__photo1.jpg,B1,P12
https://raw.githubusercontent.com/communitymaplab/athens-r51-property-appraisal-photos/refs/heads/main/pipeline/data/Diaz%20appraisals%201964/processed/B1/B1_P12__photo2.jpg,B1,P12
https://raw.githubusercontent.com/communitymaplab/athens-r51-property-appraisal-photos/refs/heads/main/pipeline/data/Diaz%20appraisals%201964/processed/B1/B1_P14__photo1.jpg,B1,P14
https://raw.githubusercontent.com/communitymaplab/athens-r51-property-appraisal-photos/refs/heads/main/pipeline/data/Diaz%20appraisals%201964/processed/B1/B1_P14__photo2.jpg,B1,P14
https://raw.githubusercontent.com/communitymaplab/athens-r51-property-appraisal-photos/refs/heads/main/pipeline/data/Diaz%20appraisals%201964/processed/B1/B1_P15__photo1.jpg,B1,P15
https://raw.githubusercontent.com/communitymaplab/athens-r51-property-appraisal-photos/refs/heads/main/pipeline/data/Diaz%20appraisals%201964/processed/B1/B1_P15__photo2.jpg,B1,P15
https://raw.githubusercontent.com/communitymaplab/athens-r51-property-appraisal-photos/refs/heads/main/pipeline/data/Diaz%20appraisals%201964/processed/B1/B1_P15__photo3.jpg,B1,P15
https://raw.githubusercontent.com/communitymaplab/athens-r51-property-appraisal-photos/refs/heads/main/pipeline/data/Diaz%20appraisals%201964/processed/B1/B1_P15__photo4.jpg,B1,P15
https://raw.githubusercontent.com/communitymaplab/athens-r51-property-appraisal-photos/refs/heads/main/pipeline/data/Diaz%20appraisals%201964/processed/B1/B1_P16__photo1.jpg,B1,P16
https://raw.githubusercontent.com/communitymaplab/athens-r51-property-appraisal-photos/refs/heads/main/pipeline/data/Diaz%20appraisals%201964/processed/B1/B1_P16__photo2.jpg,B1,P16
https://raw.githubusercontent.com/communitymaplab/athens-r51-property-appraisal-photos/refs/heads/main/pipeline/data/Diaz%20appraisals%201964/processed/B1/B1_P16__photo3.jpg,B1,P16
https://raw.githubusercontent.com/communitymaplab/athens-r51-property-appraisal-photos/refs/heads/main/pipeline/data/Diaz%20appraisals%201964/processed/B1/B1_P16__photo4.jpg,B1,P16
https://raw.githubusercontent.com/communitymaplab/athens-r51-property-appraisal-photos/refs/heads/main/pipeline/data/Diaz%20appraisals%201964/processed/B1/B1_P18__photo1.jpg,B1,P18
https://raw.githubusercontent.com/communitymaplab/athens-r51-property-appraisal-photos/refs/heads/main/pipeline/data/Diaz%20appraisals%201964/processed/B1/B1_P18__photo2.jpg,B1,P18
https://raw.githubusercontent.com/communitymaplab/athens-r51-property-appraisal-photos/refs/heads/main/pipeline/data/Diaz%20appraisals%201964/processed/B1/B1_P18__photo3.jpg,B1,P18
https://raw.githubusercontent.com/communitymaplab/athens-r51-property-appraisal-photos/refs/heads/main/pipeline/data/Diaz%20appraisals%201964/processed/B1/B1_P18__photo4.jpg,B1,P18
https://raw.githubusercontent.com/communitymaplab/athens-r51-property-appraisal-photos/refs/heads/main/pipeline/data/Diaz%20appraisals%201964/processed/B1/B1_P18__photo5.jpg,B1,P18
https://raw.githubusercontent.com/communitymaplab/athens-r51-property-appraisal-photos/refs/heads/main/pipeline/data/Diaz%20appraisals%201964/processed/B1/B1_P18__photo6.jpg,B1,P18
https://raw.githubusercontent.com/communitymaplab/athens-r51-property-appraisal-photos/refs/heads/main/pipeline/data/Diaz%20appraisals%201964/processed/B1/B1_P18__photo7.jpg,B1,P18
https://raw.githubusercontent.com/communitymaplab/athens-r51-property-appraisal-photos/refs/heads/main/pipeline/data/Diaz%20appraisals%201964/processed/B1/B1_P18__photo8.jpg,B1,P18
https://raw.githubusercontent.com/communitymaplab/athens-r51-property-appraisal-photos/refs/heads/main/pipeline/data/Diaz%20appraisals%201964/processed/B1/B1_P18__photo9.jpg,B1,P18
https://raw.githubusercontent.com/communitymaplab/athens-r51-property-appraisal-photos/refs/heads/main/pipeline/data/Diaz%20appraisals%201964/processed/B1/B1_P19__photo1.jpg,B1,P19
https://raw.githubusercontent.com/communitymaplab/athens-r51-property-appraisal-photos/refs/heads/main/pipeline/data/Diaz%20appraisals%201964/processed/B1/B1_P19__photo2.jpg,B1,P19
https://raw.githubusercontent.com/communitymaplab/athens-r51-property-appraisal-photos/refs/heads/main/pipeline/data/Diaz%20appraisals%201964/processed/B1/B1_P19__photo3.jpg,B1,P19
https://raw.githubusercontent.com/communitymaplab/athens-r51-property-appraisal-photos/refs/heads/main/pipeline/data/Diaz%20appraisals%201964/processed/B1/B1_P19__photo4.jpg,B1,P19
https://raw.githubusercontent.com/communitymaplab/athens-r51-property-appraisal-photos/refs/heads/main/pipeline/data/Diaz%20appraisals%201964/processed/B1/B1_P19__photo5.jpg,B1,P19
https://raw.githubusercontent.com/communitymaplab/athens-r51-property-appraisal-photos/refs/heads/main/pipeline/data/Diaz%20appraisals%201964/processed/B1/B1_P19__photo6.jpg,B1,P19
https://raw.githubusercontent.com/communitymaplab/athens-r51-property-appraisal-photos/refs/heads/main/pipeline/data/Diaz%20appraisals%201964/processed/B1/B1_P19__photo7.jpg,B1,P19
https://raw.githubusercontent.com/communitymaplab/athens-r51-property-appraisal-photos/refs/heads/main/pipeline/data/Diaz%20appraisals%201964/processed/B1/B1_P19__photo8.jpg,B1,P19
https://raw.githubusercontent.com/communitymaplab/athens-r51-property-appraisal-photos/refs/heads/main/pipeline/data/Diaz%20appraisals%201964/processed/B1/B1_P19__photo9.jpg,B1,P19
https://raw.githubusercontent.com/communitymaplab/athens-r51-property-appraisal-photos/refs/heads/main/pipeline/data/Diaz%20appraisals%201964/processed/B1/B1_P19__photo10.jpg,B1,P19
https://raw.githubusercontent.com/communitymaplab/athens-r51-property-appraisal-photos/refs/heads/main/pipeline/data/Diaz%20appraisals%201964/processed/B1/B1_P19__photo11.jpg,B1,P19
https://raw.githubusercontent.com/communitymaplab/athens-r51-property-appraisal-photos/refs/heads/main/pipeline/data/Diaz%20appraisals%201964/processed/B1/B1_P19__photo12.jpg,B1,P19
https://raw.githubusercontent.com/communitymaplab/athens-r51-property-appraisal-photos/refs/heads/main/pipeline/data/Diaz%20appraisals%201964/processed/B1/B1_P19__photo13.jpg,B1,P19
https://raw.githubusercontent.com/communitymaplab/athens-r51-property-appraisal-photos/refs/heads/main/pipeline/data/Diaz%20appraisals%201964/processed/B1/B1_P20__photo1.jpg,B1,P20
https://raw.githubusercontent.com/communitymaplab/athens-r51-property-appraisal-photos/refs/heads/main/pipeline/data/Diaz%20appraisals%201964/processed/B1/B1_P20__photo2.jpg,B1,P20
https://raw.githubusercontent.com/communitymaplab/athens-r51-property-appraisal-photos/refs/heads/main/pipeline/data/Diaz%20appraisals%201964/processed/B1/B1_P20__photo3.jpg,B1,P20
https://raw.githubusercontent.com/communitymaplab/athens-r51-property-appraisal-photos/refs/heads/main/pipeline/data/Diaz%20appraisals%201964/processed/B1/B1_P20__photo4.jpg,B1,P20
https://raw.githubusercontent.com/communitymaplab/athens-r51-property-appraisal-photos/refs/heads/main/pipeline/data/Diaz%20appraisals%201964/processed/B1/B1_P20__photo5.jpg,B1,P20
https://raw.githubusercontent.com/communitymaplab/athens-r51-property-appraisal-photos/refs/heads/main/pipeline/data/Diaz%20appraisals%201964/processed/B1/B1_P20__photo6.jpg,B1,P20
https://raw.githubusercontent.com/communitymaplab/athens-r51-property-appraisal-photos/refs/heads/main/pipeline/data/Diaz%20appraisals%201964/processed/B1/B1_P20__photo7.jpg,B1,P20
https://raw.githubusercontent.com/communitymaplab/athens-r51-property-appraisal-photos/refs/heads/main/pipeline/data/Diaz%20appraisals%201964/processed/B1/B1_P20__photo8.jpg,B1,P20
https://raw.githubusercontent.com/communitymaplab/athens-r51-property-appraisal-photos/refs/heads/main/pipeline/data/Diaz%20appraisals%201964/processed/B1/B1_P21__photo1.jpg,B1,P21
https://raw.githubusercontent.com/communitymaplab/athens-r51-property-appraisal-photos/refs/heads/main/pipeline/data/Diaz%20appraisals%201964/processed/B1/B1_P21__photo2.jpg,B1,P21
https://raw.githubusercontent.com/communitymaplab/athens-r51-property-appraisal-photos/refs/heads/main/pipeline/data/Diaz%20appraisals%201964/processed/B1/B1_P22__photo1.jpg,B1,P22
https://raw.githubusercontent.com/communitymaplab/athens-r51-property-appraisal-photos/refs/heads/main/pipeline/data/Diaz%20appraisals%201964/processed/B1/B1_P22__photo2.jpg,B1,P22
https://raw.githubusercontent.com/communitymaplab/athens-r51-property-appraisal-photos/refs/heads/main/pipeline/data/Diaz%20appraisals%201964/processed/B1/B1_P23__photo1.jpg,B1,P23
https://raw.githubusercontent.com/communitymaplab/athens-r51-property-appraisal-photos/refs/heads/main/pipeline/data/Diaz%20appraisals%201964/processed/B1/B1_P23__photo2.jpg,B1,P23
https://raw.githubusercontent.com/communitymaplab/athens-r51-property-appraisal-photos/refs/heads/main/pipeline/data/Diaz%20appraisals%201964/processed/B1/B1_P24__photo1.jpg,B1,P24
https://raw.githubusercontent.com/communitymaplab/athens-r51-property-appraisal-photos/refs/heads/main/pipeline/data/Diaz%20appraisals%201964/processed/B1/B1_P24__photo2.jpg,B1,P24
https://raw.githubusercontent.com/communitymaplab/athens-r51-property-appraisal-photos/refs/heads/main/pipeline/data/Diaz%20appraisals%201964/processed/B1/B1_P25__photo1.jpg,B1,P25
https://raw.githubusercontent.com/communitymaplab/athens-r51-property-appraisal-photos/refs/heads/main/pipeline/data/Diaz%20appraisals%201964/processed/B1/B1_P25__photo2.jpg,B1,P25
https://raw.githubusercontent.com/communitymaplab/athens-r51-property-appraisal-photos/refs/heads/main/pipeline/data/Diaz%20appraisals%201964/processed/B1/B1_P26__photo1.jpg,B1,P26
https://raw.githubusercontent.com/communitymaplab/athens-r51-property-appraisal-photos/refs/heads/main/pipeline/data/Diaz%20appraisals%201964/processed/B1/B1_P26__photo2.jpg,B1,P26
https://raw.githubusercontent.com/communitymaplab/athens-r51-property-appraisal-photos/refs/heads/main/pipeline/data/Diaz%20appraisals%201964/processed/B1/B1_P27__photo1.jpg,B1,P27
https://raw.githubusercontent.com/communitymaplab/athens-r51-property-appraisal-photos/refs/heads/main/pipeline/data/Diaz%20appraisals%201964/processed/B1/B1_P27__photo2.jpg,B1,P27
https://raw.githubusercontent.com/communitymaplab/athens-r51-property-appraisal-photos/refs/heads/main/pipeline/data/Diaz%20appraisals%201964/processed/B1/B1_P27__photo3.jpg,B1,P27
https://raw.githubusercontent.com/communitymaplab/athens-r51-property-appraisal-photos/refs/heads/main/pipeline/data/Diaz%20appraisals%201964/processed/B1/B1_P28__photo1.jpg,B1,P28
https://raw.githubusercontent.com/communitymaplab/athens-r51-property-appraisal-photos/refs/heads/main/pipeline/data/Diaz%20appraisals%201964/processed/B1/B1_P28__photo2.jpg,B1,P28
https://raw.githubusercontent.com/communitymaplab/athens-r51-property-appraisal-photos/refs/heads/main/pipeline/data/Diaz%20appraisals%201964/processed/B1/B1_P29__photo1.jpg,B1,P29
https://raw.githubusercontent.com/communitymaplab/athens-r51-property-appraisal-photos/refs/heads/main/pipeline/data/Diaz%20appraisals%201964/processed/B1/B1_P29__photo2.jpg,B1,P29
https://raw.githubusercontent.com/communitymaplab/athens-r51-property-appraisal-photos/refs/heads/main/pipeline/data/Diaz%20appraisals%201964/processed/B1/B1_P30__photo1.jpg,B1,P30
https://raw.githubusercontent.com/communitymaplab/athens-r51-property-appraisal-photos/refs/heads/main/pipeline/data/Diaz%20appraisals%201964/processed/B2/B2_P2A__photo1.jpg,B2,P2A
https://raw.githubusercontent.com/communitymaplab/athens-r51-property-appraisal-photos/refs/heads/main/pipeline/data/Diaz%20appraisals%201964/processed/B2/B2_P3__photo1.jpg,B2,P3
https://raw.githubusercontent.com/communitymaplab/athens-r51-property-appraisal-photos/refs/heads/main/pipeline/data/Diaz%20appraisals%201964/processed/B2/B2_P4__photo1.jpg,B2,P4
https://raw.githubusercontent.com/communitymaplab/athens-r51-property-appraisal-photos/refs/heads/main/pipeline/data/Diaz%20appraisals%201964/processed/B2/B2_P4__photo2.jpg,B2,P4
https://raw.githubusercontent.com/communitymaplab/athens-r51-property-appraisal-photos/refs/heads/main/pipeline/data/Diaz%20appraisals%201964/processed/B2/B2_P5__photo1.jpg,B2,P5
https://raw.githubusercontent.com/communitymaplab/athens-r51-property-appraisal-photos/refs/heads/main/pipeline/data/Diaz%20appraisals%201964/processed/B2/B2_P6__photo1.jpg,B2,P6
https://raw.githubusercontent.com/communitymaplab/athens-r51-property-appraisal-photos/refs/heads/main/pipeline/data/Diaz%20appraisals%201964/processed/B2/B2_P6__photo2.jpg,B2,P6
https://raw.githubusercontent.com/communitymaplab/athens-r51-property-appraisal-photos/refs/heads/main/pipeline/data/Diaz%20appraisals%201964/processed/B2/B2_P6__photo3.jpg,B2,P6
https://raw.githubusercontent.com/communitymaplab/athens-r51-property-appraisal-photos/refs/heads/main/pipeline/data/Diaz%20appraisals%201964/processed/B2/B2_P6__photo4.jpg,B2,P6
https://raw.githubusercontent.com/communitymaplab/athens-r51-property-appraisal-photos/refs/heads/main/pipeline/data/Diaz%20appraisals%201964/processed/B2/B2_P7__photo1.jpg,B2,P7
https://raw.githubusercontent.com/communitymaplab/athens-r51-property-appraisal-photos/refs/heads/main/pipeline/data/Diaz%20appraisals%201964/processed/B2/B2_P7__photo2.jpg,B2,P7
https://raw.githubusercontent.com/communitymaplab/athens-r51-property-appraisal-photos/refs/heads/main/pipeline/data/Diaz%20appraisals%201964/processed/B2/B2_P8__photo1.jpg,B2,P8
https://raw.githubusercontent.com/communitymaplab/athens-r51-property-appraisal-photos/refs/heads/main/pipeline/data/Diaz%20appraisals%201964/processed/B2/B2_P8__photo2.jpg,B2,P8
https://raw.githubusercontent.com/communitymaplab/athens-r51-property-appraisal-photos/refs/heads/main/pipeline/data/Diaz%20appraisals%201964/processed/B2/B2_P9__photo1.jpg,B2,P9
https://raw.githubusercontent.com/communitymaplab/athens-r51-property-appraisal-photos/refs/heads/main/pipeline/data/Diaz%20appraisals%201964/processed/B2/B2_P10__photo1.jpg,B2,P10
https://raw.githubusercontent.com/communitymaplab/athens-r51-property-appraisal-photos/refs/heads/main/pipeline/data/Diaz%20appraisals%201964/processed/B2/B2_P10__photo2.jpg,B2,P10
https://raw.githubusercontent.com/communitymaplab/athens-r51-property-appraisal-photos/refs/heads/main/pipeline/data/Diaz%20appraisals%201964/processed/B2/B2_P11__photo1.jpg,B2,P11
https://raw.githubusercontent.com/communitymaplab/athens-r51-property-appraisal-photos/refs/heads/main/pipeline/data/Diaz%20appraisals%201964/processed/B2/B2_P12__photo1.jpg,B2,P12
https://raw.githubusercontent.com/communitymaplab/athens-r51-property-appraisal-photos/refs/heads/main/pipeline/data/Diaz%20appraisals%201964/processed/B3/B3_P3__photo1.jpg,B3,P3
https://raw.githubusercontent.com/communitymaplab/athens-r51-property-appraisal-photos/refs/heads/main/pipeline/data/Diaz%20appraisals%201964/processed/B3/B3_P3__photo2.jpg,B3,P3
https://raw.githubusercontent.com/communitymaplab/athens-r51-property-appraisal-photos/refs/heads/main/pipeline/data/Diaz%20appraisals%201964/processed/B3/B3_P2A__photo1.jpg,B3,P2A
https://raw.githubusercontent.com/communitymaplab/athens-r51-property-appraisal-photos/refs/heads/main/pipeline/data/Diaz%20appraisals%201964/processed/B3/B3_P2A__photo2.jpg,B3,P2A
https://raw.githubusercontent.com/communitymaplab/athens-r51-property-appraisal-photos/refs/heads/main/pipeline/data/Diaz%20appraisals%201964/processed/B3/B3_P3__photo3.jpg,B3,P3
https://raw.githubusercontent.com/communitymaplab/athens-r51-property-appraisal-photos/refs/heads/main/pipeline/data/Diaz%20appraisals%201964/processed/B3/B3_P3__photo4.jpg,B3,P3
https://raw.githubusercontent.com/communitymaplab/athens-r51-property-appraisal-photos/refs/heads/main/pipeline/data/Diaz%20appraisals%201964/processed/B3/B3_P3__photo5.jpg,B3,P3
https://raw.githubusercontent.com/communitymaplab/athens-r51-property-appraisal-photos/refs/heads/main/pipeline/data/Diaz%20appraisals%201964/processed/B3/B3_P3__photo6.jpg,B3,P3
https://raw.githubusercontent.com/communitymaplab/athens-r51-property-appraisal-photos/refs/heads/main/pipeline/data/Diaz%20appraisals%201964/processed/B3/B3_P3__photo7.jpg,B3,P3
https://raw.githubusercontent.com/communitymaplab/athens-r51-property-appraisal-photos/refs/heads/main/pipeline/data/Diaz%20appraisals%201964/processed/B3/B3_P3__photo8.jpg,B3,P3
https://raw.githubusercontent.com/communitymaplab/athens-r51-property-appraisal-photos/refs/heads/main/pipeline/data/Diaz%20appraisals%201964/processed/B3/B3_P4__photo1.jpg,B3,P4
https://raw.githubusercontent.com/communitymaplab/athens-r51-property-appraisal-photos/refs/heads/main/pipeline/data/Diaz%20appraisals%201964/processed/B3/B3_P4__photo2.jpg,B3,P4
https://raw.githubusercontent.com/communitymaplab/athens-r51-property-appraisal-photos/refs/heads/main/pipeline/data/Diaz%20appraisals%201964/processed/B3/B3_P5__photo1.jpg,B3,P5
https://raw.githubusercontent.com/communitymaplab/athens-r51-property-appraisal-photos/refs/heads/main/pipeline/data/Diaz%20appraisals%201964/processed/B3/B3_P5__photo2.jpg,B3,P5
https://raw.githubusercontent.com/communitymaplab/athens-r51-property-appraisal-photos/refs/heads/main/pipeline/data/Diaz%20appraisals%201964/processed/B3/B3_P6__photo1.jpg,B3,P6
https://raw.githubusercontent.com/communitymaplab/athens-r51-property-appraisal-photos/refs/heads/main/pipeline/data/Diaz%20appraisals%201964/processed/B3/B3_P6__photo2.jpg,B3,P6
https://raw.githubusercontent.com/communitymaplab/athens-r51-property-appraisal-photos/refs/heads/main/pipeline/data/Diaz%20appraisals%201964/processed/B3/B3_P7__photo1.jpg,B3,P7
https://raw.githubusercontent.com/communitymaplab/athens-r51-property-appraisal-photos/refs/heads/main/pipeline/data/Diaz%20appraisals%201964/processed/B3/B3_P7__photo2.jpg,B3,P7
https://raw.githubusercontent.com/communitymaplab/athens-r51-property-appraisal-photos/refs/heads/main/pipeline/data/Diaz%20appraisals%201964/processed/B3/B3_P8__photo1.jpg,B3,P8
https://raw.githubusercontent.com/communitymaplab/athens-r51-property-appraisal-photos/refs/heads/main/pipeline/data/Diaz%20appraisals%201964/processed/B3/B3_P8__photo2.jpg,B3,P8
https://raw.githubusercontent.com/communitymaplab/athens-r51-property-appraisal-photos/refs/heads/main/pipeline/data/Diaz%20appraisals%201964/processed/B3/B3_P9__photo1.jpg,B3,P9
https://raw.githubusercontent.com/communitymaplab/athens-r51-property-appraisal-photos/refs/heads/main/pipeline/data/Diaz%20appraisals%201964/processed/B3/B3_P9__photo2.jpg,B3,P9
https://raw.githubusercontent.com/communitymaplab/athens-r51-property-appraisal-photos/refs/heads/main/pipeline/data/Diaz%20appraisals%201964/processed/B3/B3_P10__photo1.jpg,B3,P10
https://raw.githubusercontent.com/communitymaplab/athens-r51-property-appraisal-photos/refs/heads/main/pipeline/data/Diaz%20appraisals%201964/processed/B3/B3_P10__photo2.jpg,B3,P10
https://raw.githubusercontent.com/communitymaplab/athens-r51-property-appraisal-photos/refs/heads/main/pipeline/data/Diaz%20appraisals%201964/processed/B3/B3_P11__photo1.jpg,B3,P11
https://raw.githubusercontent.com/communitymaplab/athens-r51-property-appraisal-photos/refs/heads/main/pipeline/data/Diaz%20appraisals%201964/processed/B3/B3_P11__photo2.jpg,B3,P11
https://raw.githubusercontent.com/communitymaplab/athens-r51-property-appraisal-photos/refs/heads/main/pipeline/data/Diaz%20appraisals%201964/processed/B3/B3_P12__photo1.jpg,B3,P12
https://raw.githubusercontent.com/communitymaplab/athens-r51-property-appraisal-photos/refs/heads/main/pipeline/data/Diaz%20appraisals%201964/processed/B3/B3_P12__photo2.jpg,B3,P12
https://raw.githubusercontent.com/communitymaplab/athens-r51-property-appraisal-photos/refs/heads/main/pipeline/data/Diaz%20appraisals%201964/processed/B3/B3_P12__photo3.jpg,B3,P12
https://raw.githubusercontent.com/communitymaplab/athens-r51-property-appraisal-photos/refs/heads/main/pipeline/data/Diaz%20appraisals%201964/processed/B3/B3_P12__photo4.jpg,B3,P12
https://raw.githubusercontent.com/communitymaplab/athens-r51-property-appraisal-photos/refs/heads/main/pipeline/data/Diaz%20appraisals%201964/processed/B3/B3_P1__photo1.jpg,B3,P1
https://raw.githubusercontent.com/communitymaplab/athens-r51-property-appraisal-photos/refs/heads/main/pipeline/data/Diaz%20appraisals%201964/processed/B3/B3_P1__photo2.jpg,B3,P1
https://raw.githubusercontent.com/communitymaplab/athens-r51-property-appraisal-photos/refs/heads/main/pipeline/data/Diaz%20appraisals%201964/processed/B3/B3_P14__photo1.jpg,B3,P14
https://raw.githubusercontent.com/communitymaplab/athens-r51-property-appraisal-photos/refs/heads/main/pipeline/data/Diaz%20appraisals%201964/processed/B3/B3_P14__photo2.jpg,B3,P14
https://raw.githubusercontent.com/communitymaplab/athens-r51-property-appraisal-photos/refs/heads/main/pipeline/data/Diaz%20appraisals%201964/processed/B3/B3_P15__photo1.jpg,B3,P15
https://raw.githubusercontent.com/communitymaplab/athens-r51-property-appraisal-photos/refs/heads/main/pipeline/data/Diaz%20appraisals%201964/processed/B3/B3_P15__photo2.jpg,B3,P15
https://raw.githubusercontent.com/communitymaplab/athens-r51-property-appraisal-photos/refs/heads/main/pipeline/data/Diaz%20appraisals%201964/processed/B3/B3_P16__photo1.jpg,B3,P16
https://raw.githubusercontent.com/communitymaplab/athens-r51-property-appraisal-photos/refs/heads/main/pipeline/data/Diaz%20appraisals%201964/processed/B3/B3_P16__photo2.jpg,B3,P16
https://raw.githubusercontent.com/communitymaplab/athens-r51-property-appraisal-photos/refs/heads/main/pipeline/data/Diaz%20appraisals%201964/processed/B3/B3_P17__photo1.jpg,B3,P17
https://raw.githubusercontent.com/communitymaplab/athens-r51-property-appraisal-photos/refs/heads/main/pipeline/data/Diaz%20appraisals%201964/processed/B3/B3_P17__photo2.jpg,B3,P17
https://raw.githubusercontent.com/communitymaplab/athens-r51-property-appraisal-photos/refs/heads/main/pipeline/data/Diaz%20appraisals%201964/processed/B3/B3_P18__photo1.jpg,B3,P18
https://raw.githubusercontent.com/communitymaplab/athens-r51-property-appraisal-photos/refs/heads/main/pipeline/data/Diaz%20appraisals%201964/processed/B3/B3_P18__photo2.jpg,B3,P18
https://raw.githubusercontent.com/communitymaplab/athens-r51-property-appraisal-photos/refs/heads/main/pipeline/data/Diaz%20appraisals%201964/processed/B3/B3_P19__photo1.jpg,B3,P19
https://raw.githubusercontent.com/communitymaplab/athens-r51-property-appraisal-photos/refs/heads/main/pipeline/data/Diaz%20appraisals%201964/processed/B3/B3_P19__photo2.jpg,B3,P19
https://raw.githubusercontent.com/communitymaplab/athens-r51-property-appraisal-photos/refs/heads/main/pipeline/data/Diaz%20appraisals%201964/processed/B3/B3_P20__photo1.jpg,B3,P20
https://raw.githubusercontent.com/communitymaplab/athens-r51-property-appraisal-photos/refs/heads/main/pipeline/data/Diaz%20appraisals%201964/processed/B3/B3_P20__photo2.jpg,B3,P20
https://raw.githubusercontent.com/communitymaplab/athens-r51-property-appraisal-photos/refs/heads/main/pipeline/data/Diaz%20appraisals%201964/processed/B3/B3_P21__photo1.jpg,B3,P21
https://raw.githubusercontent.com/communitymaplab/athens-r51-property-appraisal-photos/refs/heads/main/pipeline/data/Diaz%20appraisals%201964/processed/B3/B3_P21__photo2.jpg,B3,P21
https://raw.githubusercontent.com/communitymaplab/athens-r51-property-appraisal-photos/refs/heads/main/pipeline/data/Diaz%20appraisals%201964/processed/B3/B3_P22__photo1.jpg,B3,P22
https://raw.githubusercontent.com/communitymaplab/athens-r51-property-appraisal-photos/refs/heads/main/pipeline/data/Diaz%20appraisals%201964/processed/B3/B3_P22__photo2.jpg,B3,P22
https://raw.githubusercontent.com/communitymaplab/athens-r51-property-appraisal-photos/refs/heads/main/pipeline/data/Diaz%20appraisals%201964/processed/B3/B3_P23__photo1.jpg,B3,P23
https://raw.githubusercontent.com/communitymaplab/athens-r51-property-appraisal-photos/refs/heads/main/pipeline/data/Diaz%20appraisals%201964/processed/B3/B3_P23__photo2.jpg,B3,P23
https://raw.githubusercontent.com/communitymaplab/athens-r51-property-appraisal-photos/refs/heads/main/pipeline/data/Diaz%20appraisals%201964/processed/B3/B3_P23__photo3.jpg,B3,P23
https://raw.githubusercontent.com/communitymaplab/athens-r51-property-appraisal-photos/refs/heads/main/pipeline/data/Diaz%20appraisals%201964/processed/B3/B3_P23__photo4.jpg,B3,P23
https://raw.githubusercontent.com/communitymaplab/athens-r51-property-appraisal-photos/refs/heads/main/pipeline/data/Diaz%20appraisals%201964/processed/B3/B3_P24__photo1.jpg,B3,P24
https://raw.githubusercontent.com/communitymaplab/athens-r51-property-appraisal-photos/refs/heads/main/pipeline/data/Diaz%20appraisals%201964/processed/B3/B3_P24__photo2.jpg,B3,P24
https://raw.githubusercontent.com/communitymaplab/athens-r51-property-appraisal-photos/refs/heads/main/pipeline/data/Diaz%20appraisals%201964/processed/B3/B3_P25__photo1.jpg,B3,P25
https://raw.githubusercontent.com/communitymaplab/athens-r51-property-appraisal-photos/refs/heads/main/pipeline/data/Diaz%20appraisals%201964/processed/B3/B3_P25__photo2.jpg,B3,P25
https://raw.githubusercontent.com/communitymaplab/athens-r51-property-appraisal-photos/refs/heads/main/pipeline/data/Diaz%20appraisals%201964/processed/B4/B4_P1__photo1.jpg,B4,P1
https://raw.githubusercontent.com/communitymaplab/athens-r51-property-appraisal-photos/refs/heads/main/pipeline/data/Diaz%20appraisals%201964/processed/B4/B4_P1__photo2.jpg,B4,P1
https://raw.githubusercontent.com/communitymaplab/athens-r51-property-appraisal-photos/refs/heads/main/pipeline/data/Diaz%20appraisals%201964/processed/B4/B4_P1__photo3.jpg,B4,P1
https://raw.githubusercontent.com/communitymaplab/athens-r51-property-appraisal-photos/refs/heads/main/pipeline/data/Diaz%20appraisals%201964/processed/B4/B4_P1__photo4.jpg,B4,P1
https://raw.githubusercontent.com/communitymaplab/athens-r51-property-appraisal-photos/refs/heads/main/pipeline/data/Diaz%20appraisals%201964/processed/B4/B4_P2__photo1.jpg,B4,P2
https://raw.githubusercontent.com/communitymaplab/athens-r51-property-appraisal-photos/refs/heads/main/pipeline/data/Diaz%20appraisals%201964/processed/B4/B4_P2__photo2.jpg,B4,P2
https://raw.githubusercontent.com/communitymaplab/athens-r51-property-appraisal-photos/refs/heads/main/pipeline/data/Diaz%20appraisals%201964/processed/B4/B4_P3__photo1.jpg,B4,P3
https://raw.githubusercontent.com/communitymaplab/athens-r51-property-appraisal-photos/refs/heads/main/pipeline/data/Diaz%20appraisals%201964/processed/B4/B4_P3__photo2.jpg,B4,P3
https://raw.githubusercontent.com/communitymaplab/athens-r51-property-appraisal-photos/refs/heads/main/pipeline/data/Diaz%20appraisals%201964/processed/B4/B4_P4__photo1.jpg,B4,P4
https://raw.githubusercontent.com/communitymaplab/athens-r51-property-appraisal-photos/refs/heads/main/pipeline/data/Diaz%20appraisals%201964/processed/B4/B4_P4__photo2.jpg,B4,P4
https://raw.githubusercontent.com/communitymaplab/athens-r51-property-appraisal-photos/refs/heads/main/pipeline/data/Diaz%20appraisals%201964/processed/B4/B4_P5__photo1.jpg,B4,P5
https://raw.githubusercontent.com/communitymaplab/athens-r51-property-appraisal-photos/refs/heads/main/pipeline/data/Diaz%20appraisals%201964/processed/B4/B4_P5__photo2.jpg,B4,P5
https://raw.githubusercontent.com/communitymaplab/athens-r51-property-appraisal-photos/refs/heads/main/pipeline/data/Diaz%20appraisals%201964/processed/B4/B4_P6__photo1.jpg,B4,P6
https://raw.githubusercontent.com/communitymaplab/athens-r51-property-appraisal-photos/refs/heads/main/pipeline/data/Diaz%20appraisals%201964/processed/B4/B4_P6__photo2.jpg,B4,P6
https://raw.githubusercontent.com/communitymaplab/athens-r51-property-appraisal-photos/refs/heads/main/pipeline/data/Diaz%20appraisals%201964/processed/B4/B4_P6__photo3.jpg,B4,P6
https://raw.githubusercontent.com/communitymaplab/athens-r51-property-appraisal-photos/refs/heads/main/pipeline/data/Diaz%20appraisals%201964/processed/B4/B4_P6__photo4.jpg,B4,P6
https://raw.githubusercontent.com/communitymaplab/athens-r51-property-appraisal-photos/refs/heads/main/pipeline/data/Diaz%20appraisals%201964/processed/B4/B4_P7__photo1.jpg,B4,P7
https://raw.githubusercontent.com/communitymaplab/athens-r51-property-appraisal-photos/refs/heads/main/pipeline/data/Diaz%20appraisals%201964/processed/B4/B4_P7__photo2.jpg,B4,P7
https://raw.githubusercontent.com/communitymaplab/athens-r51-property-appraisal-photos/refs/heads/main/pipeline/data/Diaz%20appraisals%201964/processed/B4/B4_P8__photo1.jpg,B4,P8
https://raw.githubusercontent.com/communitymaplab/athens-r51-property-appraisal-photos/refs/heads/main/pipeline/data/Diaz%20appraisals%201964/processed/B4/B4_P8__photo2.jpg,B4,P8
https://raw.githubusercontent.com/communitymaplab/athens-r51-property-appraisal-photos/refs/heads/main/pipeline/data/Diaz%20appraisals%201964/processed/B4/B4_P9__photo1.jpg,B4,P9
https://raw.githubusercontent.com/communitymaplab/athens-r51-property-appraisal-photos/refs/heads/main/pipeline/data/Diaz%20appraisals%201964/processed/B4/B4_P9__photo2.jpg,B4,P9
https://raw.githubusercontent.com/communitymaplab/athens-r51-property-appraisal-photos/refs/heads/main/pipeline/data/Diaz%20appraisals%201964/processed/B4/B4_P10__photo1.jpg,B4,P10
https://raw.githubusercontent.com/communitymaplab/athens-r51-property-appraisal-photos/refs/heads/main/pipeline/data/Diaz%20appraisals%201964/processed/B4/B4_P10__photo2.jpg,B4,P10
https://raw.githubusercontent.com/communitymaplab/athens-r51-property-appraisal-photos/refs/heads/main/pipeline/data/Diaz%20appraisals%201964/processed/B5/B5_P1__photo1.jpg,B5,P1
https://raw.githubusercontent.com/communitymaplab/athens-r51-property-appraisal-photos/refs/heads/main/pipeline/data/Diaz%20appraisals%201964/processed/B5/B5_P1__photo2.jpg,B5,P1
https://raw.githubusercontent.com/communitymaplab/athens-r51-property-appraisal-photos/refs/heads/main/pipeline/data/Diaz%20appraisals%201964/processed/B5/B5_P1__photo3.jpg,B5,P1
https://raw.githubusercontent.com/communitymaplab/athens-r51-property-appraisal-photos/refs/heads/main/pipeline/data/Diaz%20appraisals%201964/processed/B5/B5_P2__photo1.jpg,B5,P2
https://raw.githubusercontent.com/communitymaplab/athens-r51-property-appraisal-photos/refs/heads/main/pipeline/data/Diaz%20appraisals%201964/processed/B5/B5_P2__photo2.jpg,B5,P2
https://raw.githubusercontent.com/communitymaplab/athens-r51-property-appraisal-photos/refs/heads/main/pipeline/data/Diaz%20appraisals%201964/processed/B5/B5_P3__photo1.jpg,B5,P3
https://raw.githubusercontent.com/communitymaplab/athens-r51-property-appraisal-photos/refs/heads/main/pipeline/data/Diaz%20appraisals%201964/processed/B5/B5_P3__photo2.jpg,B5,P3
https://raw.githubusercontent.com/communitymaplab/athens-r51-property-appraisal-photos/refs/heads/main/pipeline/data/Diaz%20appraisals%201964/processed/B5/B5_P4__photo1.jpg,B5,P4
https://raw.githubusercontent.com/communitymaplab/athens-r51-property-appraisal-photos/refs/heads/main/pipeline/data/Diaz%20appraisals%201964/processed/B5/B5_P4__photo2.jpg,B5,P4
https://raw.githubusercontent.com/communitymaplab/athens-r51-property-appraisal-photos/refs/heads/main/pipeline/data/Diaz%20appraisals%201964/processed/B5/B5_P5__photo1.jpg,B5,P5
https://raw.githubusercontent.com/communitymaplab/athens-r51-property-appraisal-photos/refs/heads/main/pipeline/data/Diaz%20appraisals%201964/processed/B5/B5_P5__photo2.jpg,B5,P5
https://raw.githubusercontent.com/communitymaplab/athens-r51-property-appraisal-photos/refs/heads/main/pipeline/data/Diaz%20appraisals%201964/processed/B5/B5_P6__photo1.jpg,B5,P6
https://raw.githubusercontent.com/communitymaplab/athens-r51-property-appraisal-photos/refs/heads/main/pipeline/data/Diaz%20appraisals%201964/processed/B5/B5_P6__photo2.jpg,B5,P6
https://raw.githubusercontent.com/communitymaplab/athens-r51-property-appraisal-photos/refs/heads/main/pipeline/data/Diaz%20appraisals%201964/processed/B5/B5_P7__photo1.jpg,B5,P7
https://raw.githubusercontent.com/communitymaplab/athens-r51-property-appraisal-photos/refs/heads/main/pipeline/data/Diaz%20appraisals%201964/processed/B5/B5_P7__photo2.jpg,B5,P7
https://raw.githubusercontent.com/communitymaplab/athens-r51-property-appraisal-photos/refs/heads/main/pipeline/data/Diaz%20appraisals%201964/processed/B5/B5_P8__photo1.jpg,B5,P8
https://raw.githubusercontent.com/communitymaplab/athens-r51-property-appraisal-photos/refs/heads/main/pipeline/data/Diaz%20appraisals%201964/processed/B5/B5_P8__photo2.jpg,B5,P8
https://raw.githubusercontent.com/communitymaplab/athens-r51-property-appraisal-photos/refs/heads/main/pipeline/data/Diaz%20appraisals%201964/processed/B5/B5_P9__photo1.jpg,B5,P9
https://raw.githubusercontent.com/communitymaplab/athens-r51-property-appraisal-photos/refs/heads/main/pipeline/data/Diaz%20appraisals%201964/processed/B5/B5_P9__photo2.jpg,B5,P9
https://raw.githubusercontent.com/communitymaplab/athens-r51-property-appraisal-photos/refs/heads/main/pipeline/data/Diaz%20appraisals%201964/processed/B5/B5_P10__photo1.jpg,B5,P10
https://raw.githubusercontent.com/communitymaplab/athens-r51-property-appraisal-photos/refs/heads/main/pipeline/data/Diaz%20appraisals%201964/processed/B5/B5_P10__photo2.jpg,B5,P10
https://raw.githubusercontent.com/communitymaplab/athens-r51-property-appraisal-photos/refs/heads/main/pipeline/data/Diaz%20appraisals%201964/processed/B5/B5_P11__photo1.jpg,B5,P11
https://raw.githubusercontent.com/communitymaplab/athens-r51-property-appraisal-photos/refs/heads/main/pipeline/data/Diaz%20appraisals%201964/processed/B5/B5_P11__photo2.jpg,B5,P11
https://raw.githubusercontent.com/communitymaplab/athens-r51-property-appraisal-photos/refs/heads/main/pipeline/data/Diaz%20appraisals%201964/processed/B5/B5_P12__photo1.jpg,B5,P12
https://raw.githubusercontent.com/communitymaplab/athens-r51-property-appraisal-photos/refs/heads/main/pipeline/data/Diaz%20appraisals%201964/processed/B5/B5_P12__photo2.jpg,B5,P12
https://raw.githubusercontent.com/communitymaplab/athens-r51-property-appraisal-photos/refs/heads/main/pipeline/data/Diaz%20appraisals%201964/processed/B5/B5_P13__photo1.jpg,B5,P13
https://raw.githubusercontent.com/communitymaplab/athens-r51-property-appraisal-photos/refs/heads/main/pipeline/data/Diaz%20appraisals%201964/processed/B5/B5_P13__photo2.jpg,B5,P13
https://raw.githubusercontent.com/communitymaplab/athens-r51-property-appraisal-photos/refs/heads/main/pipeline/data/Diaz%20appraisals%201964/processed/B5/B5_P13__photo3.jpg,B5,P13
https://raw.githubusercontent.com/communitymaplab/athens-r51-property-appraisal-photos/refs/heads/main/pipeline/data/Diaz%20appraisals%201964/processed/B5/B5_P13__photo4.jpg,B5,P13
https://raw.githubusercontent.com/communitymaplab/athens-r51-property-appraisal-photos/refs/heads/main/pipeline/data/Diaz%20appraisals%201964/processed/B5/B5_P13__photo5.jpg,B5,P13
https://raw.githubusercontent.com/communitymaplab/athens-r51-property-appraisal-photos/refs/heads/main/pipeline/data/Diaz%20appraisals%201964/processed/B5/B5_P14__photo1.jpg,B5,P14
https://raw.githubusercontent.com/communitymaplab/athens-r51-property-appraisal-photos/refs/heads/main/pipeline/data/Diaz%20appraisals%201964/processed/B5/B5_P14__photo2.jpg,B5,P14
https://raw.githubusercontent.com/communitymaplab/athens-r51-property-appraisal-photos/refs/heads/main/pipeline/data/Diaz%20appraisals%201964/processed/B5/B5_P15__photo1.jpg,B5,P15
https://raw.githubusercontent.com/communitymaplab/athens-r51-property-appraisal-photos/refs/heads/main/pipeline/data/Diaz%20appraisals%201964/processed/B5/B5_P15__photo2.jpg,B5,P15
https://raw.githubusercontent.com/communitymaplab/athens-r51-property-appraisal-photos/refs/heads/main/pipeline/data/Diaz%20appraisals%201964/processed/B5/B5_P16__photo1.jpg,B5,P16
https://raw.githubusercontent.com/communitymaplab/athens-r51-property-appraisal-photos/refs/heads/main/pipeline/data/Diaz%20appraisals%201964/processed/B5/B5_P16__photo2.jpg,B5,P16
https://raw.githubusercontent.com/communitymaplab/athens-r51-property-appraisal-photos/refs/heads/main/pipeline/data/Diaz%20appraisals%201964/processed/B5/B5_P17__photo1.jpg,B5,P17
https://raw.githubusercontent.com/communitymaplab/athens-r51-property-appraisal-photos/refs/heads/main/pipeline/data/Diaz%20appraisals%201964/processed/B5/B5_P17__photo2.jpg,B5,P17
https://raw.githubusercontent.com/communitymaplab/athens-r51-property-appraisal-photos/refs/heads/main/pipeline/data/Diaz%20appraisals%201964/processed/B5/B5_P18__photo1.jpg,B5,P18
https://raw.githubusercontent.com/communitymaplab/athens-r51-property-appraisal-photos/refs/heads/main/pipeline/data/Diaz%20appraisals%201964/processed/B5/B5_P18__photo2.jpg,B5,P18
https://raw.githubusercontent.com/communitymaplab/athens-r51-property-appraisal-photos/refs/heads/main/pipeline/data/Diaz%20appraisals%201964/processed/B5/B5_P19__photo1.jpg,B5,P19
https://raw.githubusercontent.com/communitymaplab/athens-r51-property-appraisal-photos/refs/heads/main/pipeline/data/Diaz%20appraisals%201964/processed/B5/B5_P20__photo1.jpg,B5,P20
https://raw.githubusercontent.com/communitymaplab/athens-r51-property-appraisal-photos/refs/heads/main/pipeline/data/Diaz%20appraisals%201964/processed/B5/B5_P20__photo2.jpg,B5,P20
https://raw.githubusercontent.com/communitymaplab/athens-r51-property-appraisal-photos/refs/heads/main/pipeline/data/Diaz%20appraisals%201964/processed/B5/B5_P22__photo1.jpg,B5,P22
https://raw.githubusercontent.com/communitymaplab/athens-r51-property-appraisal-photos/refs/heads/main/pipeline/data/Diaz%20appraisals%201964/processed/B5/B5_P22__photo2.jpg,B5,P22
https://raw.githubusercontent.com/communitymaplab/athens-r51-property-appraisal-photos/refs/heads/main/pipeline/data/Diaz%20appraisals%201964/processed/B5/B5_P23__photo1.jpg,B5,P23
https://raw.githubusercontent.com/communitymaplab/athens-r51-property-appraisal-photos/refs/heads/main/pipeline/data/Diaz%20appraisals%201964/processed/B5/B5_P23__photo2.jpg,B5,P23
https://raw.githubusercontent.com/communitymaplab/athens-r51-property-appraisal-photos/refs/heads/main/pipeline/data/Diaz%20appraisals%201964/processed/B5/B5_P23__photo3.jpg,B5,P23
https://raw.githubusercontent.com/communitymaplab/athens-r51-property-appraisal-photos/refs/heads/main/pipeline/data/Diaz%20appraisals%201964/processed/B5/B5_P23__photo4.jpg,B5,P23
https://raw.githubusercontent.com/communitymaplab/athens-r51-property-appraisal-photos/refs/heads/main/pipeline/data/Diaz%20appraisals%201964/processed/B5/B5_P24__photo1.jpg,B5,P24
https://raw.githubusercontent.com/communitymaplab/athens-r51-property-appraisal-photos/refs/heads/main/pipeline/data/Diaz%20appraisals%201964/processed/B5/B5_P24__photo2.jpg,B5,P24
https://raw.githubusercontent.com/communitymaplab/athens-r51-property-appraisal-photos/refs/heads/main/pipeline/data/Diaz%20appraisals%201964/processed/B5/B5_P26__photo1.jpg,B5,P26
https://raw.githubusercontent.com/communitymaplab/athens-r51-property-appraisal-photos/refs/heads/main/pipeline/data/Diaz%20appraisals%201964/processed/B5/B5_P26__photo2.jpg,B5,P26
https://raw.githubusercontent.com/communitymaplab/athens-r51-property-appraisal-photos/refs/heads/main/pipeline/data/Diaz%20appraisals%201964/processed/B5/B5_P27__photo1.jpg,B5,P27
https://raw.githubusercontent.com/communitymaplab/athens-r51-property-appraisal-photos/refs/heads/main/pipeline/data/Diaz%20appraisals%201964/processed/B5/B5_P27__photo2.jpg,B5,P27
https://raw.githubusercontent.com/communitymaplab/athens-r51-property-appraisal-photos/refs/heads/main/pipeline/data/Diaz%20appraisals%201964/processed/B5/B5_P28__photo1.jpg,B5,P28
https://raw.githubusercontent.com/communitymaplab/athens-r51-property-appraisal-photos/refs/heads/main/pipeline/data/Diaz%20appraisals%201964/processed/B5/B5_P28__photo2.jpg,B5,P28
https://raw.githubusercontent.com/communitymaplab/athens-r51-property-appraisal-photos/refs/heads/main/pipeline/data/Diaz%20appraisals%201964/processed/B5/B5_P28__photo3.jpg,B5,P28
https://raw.githubusercontent.com/communitymaplab/athens-r51-property-appraisal-photos/refs/heads/main/pipeline/data/Diaz%20appraisals%201964/processed/B5/B5_P28__photo4.jpg,B5,P28
https://raw.githubusercontent.com/communitymaplab/athens-r51-property-appraisal-photos/refs/heads/main/pipeline/data/Diaz%20appraisals%201964/processed/B5/B5_P29__photo1.jpg,B5,P29
https://raw.githubusercontent.com/communitymaplab/athens-r51-property-appraisal-photos/refs/heads/main/pipeline/data/Diaz%20appraisals%201964/processed/B5/B5_P29__photo2.jpg,B5,P29
https://raw.githubusercontent.com/communitymaplab/athens-r51-property-appraisal-photos/refs/heads/main/pipeline/data/Diaz%20appraisals%201964/processed/B5/B5_P30__photo1.jpg,B5,P30
https://raw.githubusercontent.com/communitymaplab/athens-r51-property-appraisal-photos/refs/heads/main/pipeline/data/Diaz%20appraisals%201964/processed/B5/B5_P30__photo2.jpg,B5,P30
https://raw.githubusercontent.com/communitymaplab/athens-r51-property-appraisal-photos/refs/heads/main/pipeline/data/Diaz%20appraisals%201964/processed/B5/B5_P30__photo3.jpg,B5,P30
https://raw.githubusercontent.com/communitymaplab/athens-r51-property-appraisal-photos/refs/heads/main/pipeline/data/Diaz%20appraisals%201964/processed/B5/B5_P30__photo4.jpg,B5,P30
https://raw.githubusercontent.com/communitymaplab/athens-r51-property-appraisal-photos/refs/heads/main/pipeline/data/Diaz%20appraisals%201964/processed/B5/B5_P31__photo1.jpg,B5,P31
https://raw.githubusercontent.com/communitymaplab/athens-r51-property-appraisal-photos/refs/heads/main/pipeline/data/Diaz%20appraisals%201964/processed/B5/B5_P31__photo2.jpg,B5,P31
https://raw.githubusercontent.com/communitymaplab/athens-r51-property-appraisal-photos/refs/heads/main/pipeline/data/Diaz%20appraisals%201964/processed/B5/B5_P31__photo3.jpg,B5,P31
https://raw.githubusercontent.com/communitymaplab/athens-r51-property-appraisal-photos/refs/heads/main/pipeline/data/Diaz%20appraisals%201964/processed/B5/B5_P31__photo4.jpg,B5,P31
https://raw.githubusercontent.com/communitymaplab/athens-r51-property-appraisal-photos/refs/heads/main/pipeline/data/Diaz%20appraisals%201964/processed/B5/B5_P32__photo1.jpg,B5,P32
https://raw.githubusercontent.com/communitymaplab/athens-r51-property-appraisal-photos/refs/heads/main/pipeline/data/Diaz%20appraisals%201964/processed/B5/B5_P32__photo2.jpg,B5,P32
https://raw.githubusercontent.com/communitymaplab/athens-r51-property-appraisal-photos/refs/heads/main/pipeline/data/Diaz%20appraisals%201964/processed/B5/B5_P33__photo1.jpg,B5,P33
https://raw.githubusercontent.com/communitymaplab/athens-r51-property-appraisal-photos/refs/heads/main/pipeline/data/Diaz%20appraisals%201964/processed/B5/B5_P33__photo2.jpg,B5,P33
https://raw.githubusercontent.com/communitymaplab/athens-r51-property-appraisal-photos/refs/heads/main/pipeline/data/Diaz%20appraisals%201964/processed/B5/B5_P34__photo1.jpg,B5,P34
https://raw.githubusercontent.com/communitymaplab/athens-r51-property-appraisal-photos/refs/heads/main/pipeline/data/Diaz%20appraisals%201964/processed/B5/B5_P34__photo2.jpg,B5,P34
https://raw.githubusercontent.com/communitymaplab/athens-r51-property-appraisal-photos/refs/heads/main/pipeline/data/Diaz%20appraisals%201964/processed/B5/B5_P35__photo1.jpg,B5,P35
https://raw.githubusercontent.com/communitymaplab/athens-r51-property-appraisal-photos/refs/heads/main/pipeline/data/Diaz%20appraisals%201964/processed/B5/B5_P35__photo2.jpg,B5,P35
https://raw.githubusercontent.com/communitymaplab/athens-r51-property-appraisal-photos/refs/heads/main/pipeline/data/Diaz%20appraisals%201964/processed/B5/B5_P36__photo1.jpg,B5,P36
https://raw.githubusercontent.com/communitymaplab/athens-r51-property-appraisal-photos/refs/heads/main/pipeline/data/Diaz%20appraisals%201964/processed/B5/B5_P36__photo2.jpg,B5,P36
https://raw.githubusercontent.com/communitymaplab/athens-r51-property-appraisal-photos/refs/heads/main/pipeline/data/Diaz%20appraisals%201964/processed/B6/B6_P1__photo1.jpg,B6,P1
https://raw.githubusercontent.com/communitymaplab/athens-r51-property-appraisal-photos/refs/heads/main/pipeline/data/Diaz%20appraisals%201964/processed/B6/B6_P1__photo2.jpg,B6,P1
https://raw.githubusercontent.com/communitymaplab/athens-r51-property-appraisal-photos/refs/heads/main/pipeline/data/Diaz%20appraisals%201964/processed/B6/B6_P2__photo1.jpg,B6,P2
https://raw.githubusercontent.com/communitymaplab/athens-r51-property-appraisal-photos/refs/heads/main/pipeline/data/Diaz%20appraisals%201964/processed/B6/B6_P2__photo2.jpg,B6,P2
https://raw.githubusercontent.com/communitymaplab/athens-r51-property-appraisal-photos/refs/heads/main/pipeline/data/Diaz%20appraisals%201964/processed/B6/B6_P3__photo1.jpg,B6,P3
https://raw.githubusercontent.com/communitymaplab/athens-r51-property-appraisal-photos/refs/heads/main/pipeline/data/Diaz%20appraisals%201964/processed/B6/B6_P3__photo2.jpg,B6,P3
https://raw.githubusercontent.com/communitymaplab/athens-r51-property-appraisal-photos/refs/heads/main/pipeline/data/Diaz%20appraisals%201964/processed/B6/B6_P19__photo1.jpg,B6,P19
https://raw.githubusercontent.com/communitymaplab/athens-r51-property-appraisal-photos/refs/heads/main/pipeline/data/Diaz%20appraisals%201964/processed/B6/B6_P19__photo2.jpg,B6,P19
https://raw.githubusercontent.com/communitymaplab/athens-r51-property-appraisal-photos/refs/heads/main/pipeline/data/Diaz%20appraisals%201964/processed/B6/B6_P19__photo3.jpg,B6,P19
https://raw.githubusercontent.com/communitymaplab/athens-r51-property-appraisal-photos/refs/heads/main/pipeline/data/Diaz%20appraisals%201964/processed/B6/B6_P19__photo4.jpg,B6,P19
https://raw.githubusercontent.com/communitymaplab/athens-r51-property-appraisal-photos/refs/heads/main/pipeline/data/Diaz%20appraisals%201964/processed/B6/B6_P4__photo1.jpg,B6,P4
https://raw.githubusercontent.com/communitymaplab/athens-r51-property-appraisal-photos/refs/heads/main/pipeline/data/Diaz%20appraisals%201964/processed/B6/B6_P4__photo2.jpg,B6,P4
https://raw.githubusercontent.com/communitymaplab/athens-r51-property-appraisal-photos/refs/heads/main/pipeline/data/Diaz%20appraisals%201964/processed/B6/B6_P5__photo1.jpg,B6,P5
https://raw.githubusercontent.com/communitymaplab/athens-r51-property-appraisal-photos/refs/heads/main/pipeline/data/Diaz%20appraisals%201964/processed/B6/B6_P5__photo2.jpg,B6,P5
https://raw.githubusercontent.com/communitymaplab/athens-r51-property-appraisal-photos/refs/heads/main/pipeline/data/Diaz%20appraisals%201964/processed/B6/B6_P5__photo3.jpg,B6,P5
https://raw.githubusercontent.com/communitymaplab/athens-r51-property-appraisal-photos/refs/heads/main/pipeline/data/Diaz%20appraisals%201964/processed/B6/B6_P5__photo4.jpg,B6,P5
https://raw.githubusercontent.com/communitymaplab/athens-r51-property-appraisal-photos/refs/heads/main/pipeline/data/Diaz%20appraisals%201964/processed/B6/B6_P6__photo1.jpg,B6,P6
https://raw.githubusercontent.com/communitymaplab/athens-r51-property-appraisal-photos/refs/heads/main/pipeline/data/Diaz%20appraisals%201964/processed/B6/B6_P6__photo2.jpg,B6,P6
https://raw.githubusercontent.com/communitymaplab/athens-r51-property-appraisal-photos/refs/heads/main/pipeline/data/Diaz%20appraisals%201964/processed/B6/B6_P7__photo1.jpg,B6,P7
https://raw.githubusercontent.com/communitymaplab/athens-r51-property-appraisal-photos/refs/heads/main/pipeline/data/Diaz%20appraisals%201964/processed/B6/B6_P7__photo2.jpg,B6,P7
https://raw.githubusercontent.com/communitymaplab/athens-r51-property-appraisal-photos/refs/heads/main/pipeline/data/Diaz%20appraisals%201964/processed/B6/B6_P8__photo1.jpg,B6,P8
https://raw.githubusercontent.com/communitymaplab/athens-r51-property-appraisal-photos/refs/heads/main/pipeline/data/Diaz%20appraisals%201964/processed/B6/B6_P8__photo2.jpg,B6,P8
https://raw.githubusercontent.com/communitymaplab/athens-r51-property-appraisal-photos/refs/heads/main/pipeline/data/Diaz%20appraisals%201964/processed/B6/B6_P9__photo1.jpg,B6,P9
https://raw.githubusercontent.com/communitymaplab/athens-r51-property-appraisal-photos/refs/heads/main/pipeline/data/Diaz%20appraisals%201964/processed/B6/B6_P9__photo2.jpg,B6,P9
https://raw.githubusercontent.com/communitymaplab/athens-r51-property-appraisal-photos/refs/heads/main/pipeline/data/Diaz%20appraisals%201964/processed/B6/B6_P10__photo1.jpg,B6,P10
https://raw.githubusercontent.com/communitymaplab/athens-r51-property-appraisal-photos/refs/heads/main/pipeline/data/Diaz%20appraisals%201964/processed/B6/B6_P10__photo2.jpg,B6,P10
https://raw.githubusercontent.com/communitymaplab/athens-r51-property-appraisal-photos/refs/heads/main/pipeline/data/Diaz%20appraisals%201964/processed/B6/B6_P10__photo3.jpg,B6,P10
https://raw.githubusercontent.com/communitymaplab/athens-r51-property-appraisal-photos/refs/heads/main/pipeline/data/Diaz%20appraisals%201964/processed/B6/B6_P10__photo4.jpg,B6,P10
https://raw.githubusercontent.com/communitymaplab/athens-r51-property-appraisal-photos/refs/heads/main/pipeline/data/Diaz%20appraisals%201964/processed/B6/B6_P10__photo5.jpg,B6,P10
https://raw.githubusercontent.com/communitymaplab/athens-r51-property-appraisal-photos/refs/heads/main/pipeline/data/Diaz%20appraisals%201964/processed/B6/B6_P10__photo6.jpg,B6,P10
https://raw.githubusercontent.com/communitymaplab/athens-r51-property-appraisal-photos/refs/heads/main/pipeline/data/Diaz%20appraisals%201964/processed/B6/B6_P11__photo1.jpg,B6,P11
https://raw.githubusercontent.com/communitymaplab/athens-r51-property-appraisal-photos/refs/heads/main/pipeline/data/Diaz%20appraisals%201964/processed/B6/B6_P13__photo1.jpg,B6,P13
https://raw.githubusercontent.com/communitymaplab/athens-r51-property-appraisal-photos/refs/heads/main/pipeline/data/Diaz%20appraisals%201964/processed/B6/B6_P13__photo2.jpg,B6,P13
https://raw.githubusercontent.com/communitymaplab/athens-r51-property-appraisal-photos/refs/heads/main/pipeline/data/Diaz%20appraisals%201964/processed/B6/B6_P13__photo3.jpg,B6,P13
https://raw.githubusercontent.com/communitymaplab/athens-r51-property-appraisal-photos/refs/heads/main/pipeline/data/Diaz%20appraisals%201964/processed/B6/B6_P13__photo4.jpg,B6,P13
https://raw.githubusercontent.com/communitymaplab/athens-r51-property-appraisal-photos/refs/heads/main/pipeline/data/Diaz%20appraisals%201964/processed/B6/B6_P13__photo5.jpg,B6,P13
https://raw.githubusercontent.com/communitymaplab/athens-r51-property-appraisal-photos/refs/heads/main/pipeline/data/Diaz%20appraisals%201964/processed/B6/B6_P13__photo6.jpg,B6,P13
https://raw.githubusercontent.com/communitymaplab/athens-r51-property-appraisal-photos/refs/heads/main/pipeline/data/Diaz%20appraisals%201964/processed/B7/B7_P3__photo1.jpg,B7,P3
https://raw.githubusercontent.com/communitymaplab/athens-r51-property-appraisal-photos/refs/heads/main/pipeline/data/Diaz%20appraisals%201964/processed/B7/B7_P3__photo2.jpg,B7,P3
https://raw.githubusercontent.com/communitymaplab/athens-r51-property-appraisal-photos/refs/heads/main/pipeline/data/Diaz%20appraisals%201964/processed/B7/B7_P4__photo1.jpg,B7,P4
https://raw.githubusercontent.com/communitymaplab/athens-r51-property-appraisal-photos/refs/heads/main/pipeline/data/Diaz%20appraisals%201964/processed/B7/B7_P4__photo2.jpg,B7,P4
https://raw.githubusercontent.com/communitymaplab/athens-r51-property-appraisal-photos/refs/heads/main/pipeline/data/Diaz%20appraisals%201964/processed/B7/B7_P4__photo3.jpg,B7,P4
https://raw.githubusercontent.com/communitymaplab/athens-r51-property-appraisal-photos/refs/heads/main/pipeline/data/Diaz%20appraisals%201964/processed/B7/B7_P4__photo4.jpg,B7,P4
https://raw.githubusercontent.com/communitymaplab/athens-r51-property-appraisal-photos/refs/heads/main/pipeline/data/Diaz%20appraisals%201964/processed/B7/B7_P4__photo5.jpg,B7,P4
https://raw.githubusercontent.com/communitymaplab/athens-r51-property-appraisal-photos/refs/heads/main/pipeline/data/Diaz%20appraisals%201964/processed/B7/B7_P4__photo6.jpg,B7,P4
https://raw.githubusercontent.com/communitymaplab/athens-r51-property-appraisal-photos/refs/heads/main/pipeline/data/Diaz%20appraisals%201964/processed/B7/B7_P4__photo7.jpg,B7,P4
https://raw.githubusercontent.com/communitymaplab/athens-r51-property-appraisal-photos/refs/heads/main/pipeline/data/Diaz%20appraisals%201964/processed/B7/B7_P4__photo8.jpg,B7,P4
https://raw.githubusercontent.com/communitymaplab/athens-r51-property-appraisal-photos/refs/heads/main/pipeline/data/Diaz%20appraisals%201964/processed/B7/B7_P5__photo1.jpg,B7,P5
https://raw.githubusercontent.com/communitymaplab/athens-r51-property-appraisal-photos/refs/heads/main/pipeline/data/Diaz%20appraisals%201964/processed/B7/B7_P5__photo2.jpg,B7,P5
https://raw.githubusercontent.com/communitymaplab/athens-r51-property-appraisal-photos/refs/heads/main/pipeline/data/Diaz%20appraisals%201964/processed/B8/B8_P1__photo1.jpg,B8,P1
https://raw.githubusercontent.com/communitymaplab/athens-r51-property-appraisal-photos/refs/heads/main/pipeline/data/Diaz%20appraisals%201964/processed/B8/B8_P1__photo2.jpg,B8,P1
https://raw.githubusercontent.com/communitymaplab/athens-r51-property-appraisal-photos/refs/heads/main/pipeline/data/Diaz%20appraisals%201964/processed/B8/B8_P1__photo3.jpg,B8,P1
https://raw.githubusercontent.com/communitymaplab/athens-r51-property-appraisal-photos/refs/heads/main/pipeline/data/Diaz%20appraisals%201964/processed/B8/B8_P1__photo4.jpg,B8,P1
https://raw.githubusercontent.com/communitymaplab/athens-r51-property-appraisal-photos/refs/heads/main/pipeline/data/Diaz%20appraisals%201964/processed/B8/B8_P1__photo5.jpg,B8,P1
https://raw.githubusercontent.com/communitymaplab/athens-r51-property-appraisal-photos/refs/heads/main/pipeline/data/Diaz%20appraisals%201964/processed/B8/B8_P1__photo6.jpg,B8,P1
https://raw.githubusercontent.com/communitymaplab/athens-r51-property-appraisal-photos/refs/heads/main/pipeline/data/Diaz%20appraisals%201964/processed/B8/B8_P1__photo7.jpg,B8,P1
https://raw.githubusercontent.com/communitymaplab/athens-r51-property-appraisal-photos/refs/heads/main/pipeline/data/Diaz%20appraisals%201964/processed/B8/B8_P1__photo8.jpg,B8,P1
https://raw.githubusercontent.com/communitymaplab/athens-r51-property-appraisal-photos/refs/heads/main/pipeline/data/Diaz%20appraisals%201964/processed/B8/B8_P1__photo9.jpg,B8,P1
https://raw.githubusercontent.com/communitymaplab/athens-r51-property-appraisal-photos/refs/heads/main/pipeline/data/Diaz%20appraisals%201964/processed/B8/B8_P1__photo10.jpg,B8,P1
https://raw.githubusercontent.com/communitymaplab/athens-r51-property-appraisal-photos/refs/heads/main/pipeline/data/Diaz%20appraisals%201964/processed/B8/B8_P2__photo1.jpg,B8,P2
https://raw.githubusercontent.com/communitymaplab/athens-r51-property-appraisal-photos/refs/heads/main/pipeline/data/Diaz%20appraisals%201964/processed/B8/B8_P2__photo2.jpg,B8,P2
https://raw.githubusercontent.com/communitymaplab/athens-r51-property-appraisal-photos/refs/heads/main/pipeline/data/Diaz%20appraisals%201964/processed/B8/B8_P3__photo1.jpg,B8,P3
https://raw.githubusercontent.com/communitymaplab/athens-r51-property-appraisal-photos/refs/heads/main/pipeline/data/Diaz%20appraisals%201964/processed/B8/B8_P3__photo2.jpg,B8,P3
https://raw.githubusercontent.com/communitymaplab/athens-r51-property-appraisal-photos/refs/heads/main/pipeline/data/Diaz%20appraisals%201964/processed/B8/B8_P3__photo3.jpg,B8,P3
https://raw.githubusercontent.com/communitymaplab/athens-r51-property-appraisal-photos/refs/heads/main/pipeline/data/Diaz%20appraisals%201964/processed/B8/B8_P4__photo1.jpg,B8,P4
https://raw.githubusercontent.com/communitymaplab/athens-r51-property-appraisal-photos/refs/heads/main/pipeline/data/Diaz%20appraisals%201964/processed/B8/B8_P5__photo1.jpg,B8,P5
https://raw.githubusercontent.com/communitymaplab/athens-r51-property-appraisal-photos/refs/heads/main/pipeline/data/Diaz%20appraisals%201964/processed/B8/B8_P5__photo2.jpg,B8,P5
https://raw.githubusercontent.com/communitymaplab/athens-r51-property-appraisal-photos/refs/heads/main/pipeline/data/Diaz%20appraisals%201964/processed/B8/B8_P6__photo1.jpg,B8,P6
https://raw.githubusercontent.com/communitymaplab/athens-r51-property-appraisal-photos/refs/heads/main/pipeline/data/Diaz%20appraisals%201964/processed/B8/B8_P6__photo2.jpg,B8,P6
https://raw.githubusercontent.com/communitymaplab/athens-r51-property-appraisal-photos/refs/heads/main/pipeline/data/Diaz%20appraisals%201964/processed/B8/B8_P7__photo1.jpg,B8,P7
https://raw.githubusercontent.com/communitymaplab/athens-r51-property-appraisal-photos/refs/heads/main/pipeline/data/Diaz%20appraisals%201964/processed/B8/B8_P7__photo2.jpg,B8,P7
https://raw.githubusercontent.com/communitymaplab/athens-r51-property-appraisal-photos/refs/heads/main/pipeline/data/Diaz%20appraisals%201964/processed/B8/B8_P7__photo3.jpg,B8,P7
https://raw.githubusercontent.com/communitymaplab/athens-r51-property-appraisal-photos/refs/heads/main/pipeline/data/Diaz%20appraisals%201964/processed/B8/B8_P7__photo4.jpg,B8,P7
https://raw.githubusercontent.com/communitymaplab/athens-r51-property-appraisal-photos/refs/heads/main/pipeline/data/Diaz%20appraisals%201964/processed/B8/B8_P8__photo1.jpg,B8,P8
https://raw.githubusercontent.com/communitymaplab/athens-r51-property-appraisal-photos/refs/heads/main/pipeline/data/Diaz%20appraisals%201964/processed/B8/B8_P8__photo2.jpg,B8,P8
https://raw.githubusercontent.com/communitymaplab/athens-r51-property-appraisal-photos/refs/heads/main/pipeline/data/Diaz%20appraisals%201964/processed/B8/B8_P8__photo3.jpg,B8,P8
https://raw.githubusercontent.com/communitymaplab/athens-r51-property-appraisal-photos/refs/heads/main/pipeline/data/Diaz%20appraisals%201964/processed/B8/B8_P9__photo1.jpg,B8,P9
https://raw.githubusercontent.com/communitymaplab/athens-r51-property-appraisal-photos/refs/heads/main/pipeline/data/Diaz%20appraisals%201964/processed/B8/B8_P9__photo2.jpg,B8,P9
https://raw.githubusercontent.com/communitymaplab/athens-r51-property-appraisal-photos/refs/heads/main/pipeline/data/Diaz%20appraisals%201964/processed/B8/B8_P11__photo1.jpg,B8,P11
https://raw.githubusercontent.com/communitymaplab/athens-r51-property-appraisal-photos/refs/heads/main/pipeline/data/Diaz%20appraisals%201964/processed/B8/B8_P11__photo2.jpg,B8,P11
https://raw.githubusercontent.com/communitymaplab/athens-r51-property-appraisal-photos/refs/heads/main/pipeline/data/Diaz%20appraisals%201964/processed/B8/B8_P11__photo3.jpg,B8,P11
https://raw.githubusercontent.com/communitymaplab/athens-r51-property-appraisal-photos/refs/heads/main/pipeline/data/Diaz%20appraisals%201964/processed/B8/B8_P11__photo4.jpg,B8,P11
https://raw.githubusercontent.com/communitymaplab/athens-r51-property-appraisal-photos/refs/heads/main/pipeline/data/Diaz%20appraisals%201964/processed/B8/B8_P11__photo5.jpg,B8,P11
https://raw.githubusercontent.com/communitymaplab/athens-r51-property-appraisal-photos/refs/heads/main/pipeline/data/Diaz%20appraisals%201964/processed/B8/B8_P11__photo6.jpg,B8,P11
https://raw.githubusercontent.com/communitymaplab/athens-r51-property-appraisal-photos/refs/heads/main/pipeline/data/Diaz%20appraisals%201964/processed/B8/B8_P10__photo1.jpg,B8,P10
https://raw.githubusercontent.com/communitymaplab/athens-r51-property-appraisal-photos/refs/heads/main/pipeline/data/Diaz%20appraisals%201964/processed/B8/B8_P10__photo2.jpg,B8,P10
https://raw.githubusercontent.com/communitymaplab/athens-r51-property-appraisal-photos/refs/heads/main/pipeline/data/Diaz%20appraisals%201964/processed/B8/B8_P12__photo1.jpg,B8,P12
https://raw.githubusercontent.com/communitymaplab/athens-r51-property-appraisal-photos/refs/heads/main/pipeline/data/Diaz%20appraisals%201964/processed/B8/B8_P12__photo2.jpg,B8,P12
https://raw.githubusercontent.com/communitymaplab/athens-r51-property-appraisal-photos/refs/heads/main/pipeline/data/Diaz%20appraisals%201964/processed/B8/B8_P12__photo3.jpg,B8,P12
https://raw.githubusercontent.com/communitymaplab/athens-r51-property-appraisal-photos/refs/heads/main/pipeline/data/Diaz%20appraisals%201964/processed/B8/B8_P12__photo4.jpg,B8,P12
https://raw.githubusercontent.com/communitymaplab/athens-r51-property-appraisal-photos/refs/heads/main/pipeline/data/Diaz%20appraisals%201964/processed/B8/B8_P12__photo5.jpg,B8,P12
https://raw.githubusercontent.com/communitymaplab/athens-r51-property-appraisal-photos/refs/heads/main/pipeline/data/Diaz%20appraisals%201964/processed/B9/B9_P1__photo1.jpg,B9,P1
https://raw.githubusercontent.com/communitymaplab/athens-r51-property-appraisal-photos/refs/heads/main/pipeline/data/Diaz%20appraisals%201964/processed/B9/B9_P1__photo2.jpg,B9,P1
https://raw.githubusercontent.com/communitymaplab/athens-r51-property-appraisal-photos/refs/heads/main/pipeline/data/Diaz%20appraisals%201964/processed/B9/B9_P2__photo1.jpg,B9,P2
https://raw.githubusercontent.com/communitymaplab/athens-r51-property-appraisal-photos/refs/heads/main/pipeline/data/Diaz%20appraisals%201964/processed/B9/B9_P2__photo2.jpg,B9,P2
https://raw.githubusercontent.com/communitymaplab/athens-r51-property-appraisal-photos/refs/heads/main/pipeline/data/Diaz%20appraisals%201964/processed/B9/B9_P3__photo1.jpg,B9,P3
https://raw.githubusercontent.com/communitymaplab/athens-r51-property-appraisal-photos/refs/heads/main/pipeline/data/Diaz%20appraisals%201964/processed/B9/B9_P3__photo2.jpg,B9,P3
https://raw.githubusercontent.com/communitymaplab/athens-r51-property-appraisal-photos/refs/heads/main/pipeline/data/Diaz%20appraisals%201964/processed/B9/B9_P4__photo1.jpg,B9,P4
https://raw.githubusercontent.com/communitymaplab/athens-r51-property-appraisal-photos/refs/heads/main/pipeline/data/Diaz%20appraisals%201964/processed/B9/B9_P4__photo2.jpg,B9,P4
https://raw.githubusercontent.com/communitymaplab/athens-r51-property-appraisal-photos/refs/heads/main/pipeline/data/Diaz%20appraisals%201964/processed/B9/B9_P4__photo3.jpg,B9,P4
https://raw.githubusercontent.com/communitymaplab/athens-r51-property-appraisal-photos/refs/heads/main/pipeline/data/Diaz%20appraisals%201964/processed/B9/B9_P5__photo1.jpg,B9,P5
https://raw.githubusercontent.com/communitymaplab/athens-r51-property-appraisal-photos/refs/heads/main/pipeline/data/Diaz%20appraisals%201964/processed/B9/B9_P5__photo2.jpg,B9,P5
https://raw.githubusercontent.com/communitymaplab/athens-r51-property-appraisal-photos/refs/heads/main/pipeline/data/Diaz%20appraisals%201964/processed/B9/B9_P6__photo1.jpg,B9,P6
https://raw.githubusercontent.com/communitymaplab/athens-r51-property-appraisal-photos/refs/heads/main/pipeline/data/Diaz%20appraisals%201964/processed/B9/B9_P6__photo2.jpg,B9,P6
https://raw.githubusercontent.com/communitymaplab/athens-r51-property-appraisal-photos/refs/heads/main/pipeline/data/Diaz%20appraisals%201964/processed/B9/B9_P6B__photo1.jpg,B9,P6B
https://raw.githubusercontent.com/communitymaplab/athens-r51-property-appraisal-photos/refs/heads/main/pipeline/data/Diaz%20appraisals%201964/processed/B9/B9_P6B__photo2.jpg,B9,P6B
https://raw.githubusercontent.com/communitymaplab/athens-r51-property-appraisal-photos/refs/heads/main/pipeline/data/Diaz%20appraisals%201964/processed/B9/B9_P7__photo1.jpg,B9,P7
https://raw.githubusercontent.com/communitymaplab/athens-r51-property-appraisal-photos/refs/heads/main/pipeline/data/Diaz%20appraisals%201964/processed/B9/B9_P7__photo2.jpg,B9,P7
https://raw.githubusercontent.com/communitymaplab/athens-r51-property-appraisal-photos/refs/heads/main/pipeline/data/Diaz%20appraisals%201964/processed/B9/B9_P8__photo1.jpg,B9,P8
https://raw.githubusercontent.com/communitymaplab/athens-r51-property-appraisal-photos/refs/heads/main/pipeline/data/Diaz%20appraisals%201964/processed/B9/B9_P8__photo2.jpg,B9,P8
https://raw.githubusercontent.com/communitymaplab/athens-r51-property-appraisal-photos/refs/heads/main/pipeline/data/Diaz%20appraisals%201964/processed/B9/B9_P9__photo1.jpg,B9,P9
https://raw.githubusercontent.com/communitymaplab/athens-r51-property-appraisal-photos/refs/heads/main/pipeline/data/Diaz%20appraisals%201964/processed/B9/B9_P9__photo2.jpg,B9,P9
https://raw.githubusercontent.com/communitymaplab/athens-r51-property-appraisal-photos/refs/heads/main/pipeline/data/Diaz%20appraisals%201964/processed/B9/B9_P10__photo1.jpg,B9,P10
https://raw.githubusercontent.com/communitymaplab/athens-r51-property-appraisal-photos/refs/heads/main/pipeline/data/Diaz%20appraisals%201964/processed/B9/B9_P10__photo2.jpg,B9,P10
https://raw.githubusercontent.com/communitymaplab/athens-r51-property-appraisal-photos/refs/heads/main/pipeline/data/Diaz%20appraisals%201964/processed/B10/B10_P2__photo1.jpg,B10,P2
https://raw.githubusercontent.com/communitymaplab/athens-r51-property-appraisal-photos/refs/heads/main/pipeline/data/Diaz%20appraisals%201964/processed/B10/B10_P2__photo2.jpg,B10,P2
https://raw.githubusercontent.com/communitymaplab/athens-r51-property-appraisal-photos/refs/heads/main/pipeline/data/Diaz%20appraisals%201964/processed/B10/B10_P2__photo3.jpg,B10,P2
https://raw.githubusercontent.com/communitymaplab/athens-r51-property-appraisal-photos/refs/heads/main/pipeline/data/Diaz%20appraisals%201964/processed/B10/B10_P2__photo4.jpg,B10,P2
https://raw.githubusercontent.com/communitymaplab/athens-r51-property-appraisal-photos/refs/heads/main/pipeline/data/Diaz%20appraisals%201964/processed/B10/B10_P4__photo1.jpg,B10,P4
https://raw.githubusercontent.com/communitymaplab/athens-r51-property-appraisal-photos/refs/heads/main/pipeline/data/Diaz%20appraisals%201964/processed/B10/B10_P4__photo2.jpg,B10,P4
https://raw.githubusercontent.com/communitymaplab/athens-r51-property-appraisal-photos/refs/heads/main/pipeline/data/Diaz%20appraisals%201964/processed/B10/B10_P24__photo1.jpg,B10,P24
https://raw.githubusercontent.com/communitymaplab/athens-r51-property-appraisal-photos/refs/heads/main/pipeline/data/Diaz%20appraisals%201964/processed/B10/B10_P24__photo2.jpg,B10,P24
https://raw.githubusercontent.com/communitymaplab/athens-r51-property-appraisal-photos/refs/heads/main/pipeline/data/Diaz%20appraisals%201964/processed/B10/B10_P24__photo3.jpg,B10,P24
https://raw.githubusercontent.com/communitymaplab/athens-r51-property-appraisal-photos/refs/heads/main/pipeline/data/Diaz%20appraisals%201964/processed/B10/B10_P24__photo4.jpg,B10,P24
https://raw.githubusercontent.com/communitymaplab/athens-r51-property-appraisal-photos/refs/heads/main/pipeline/data/Diaz%20appraisals%201964/processed/B10/B10_P3__photo1.jpg,B10,P3
https://raw.githubusercontent.com/communitymaplab/athens-r51-property-appraisal-photos/refs/heads/main/pipeline/data/Diaz%20appraisals%201964/processed/B10/B10_P3__photo2.jpg,B10,P3
https://raw.githubusercontent.com/communitymaplab/athens-r51-property-appraisal-photos/refs/heads/main/pipeline/data/Diaz%20appraisals%201964/processed/B10/B10_P5__photo1.jpg,B10,P5
https://raw.githubusercontent.com/communitymaplab/athens-r51-property-appraisal-photos/refs/heads/main/pipeline/data/Diaz%20appraisals%201964/processed/B10/B10_P5__photo2.jpg,B10,P5
https://raw.githubusercontent.com/communitymaplab/athens-r51-property-appraisal-photos/refs/heads/main/pipeline/data/Diaz%20appraisals%201964/processed/B10/B10_P5__photo3.jpg,B10,P5
https://raw.githubusercontent.com/communitymaplab/athens-r51-property-appraisal-photos/refs/heads/main/pipeline/data/Diaz%20appraisals%201964/processed/B10/B10_P5__photo4.jpg,B10,P5
https://raw.githubusercontent.com/communitymaplab/athens-r51-property-appraisal-photos/refs/heads/main/pipeline/data/Diaz%20appraisals%201964/processed/B10/B10_P5__photo5.jpg,B10,P5
https://raw.githubusercontent.com/communitymaplab/athens-r51-property-appraisal-photos/refs/heads/main/pipeline/data/Diaz%20appraisals%201964/processed/B10/B10_P5__photo6.jpg,B10,P5
https://raw.githubusercontent.com/communitymaplab/athens-r51-property-appraisal-photos/refs/heads/main/pipeline/data/Diaz%20appraisals%201964/processed/B10/B10_P5__photo7.jpg,B10,P5
https://raw.githubusercontent.com/communitymaplab/athens-r51-property-appraisal-photos/refs/heads/main/pipeline/data/Diaz%20appraisals%201964/processed/B10/B10_P5__photo8.jpg,B10,P5
https://raw.githubusercontent.com/communitymaplab/athens-r51-property-appraisal-photos/refs/heads/main/pipeline/data/Diaz%20appraisals%201964/processed/B10/B10_P5__photo9.jpg,B10,P5
https://raw.githubusercontent.com/communitymaplab/athens-r51-property-appraisal-photos/refs/heads/main/pipeline/data/Diaz%20appraisals%201964/processed/B10/B10_P5__photo10.jpg,B10,P5
https://raw.githubusercontent.com/communitymaplab/athens-r51-property-appraisal-photos/refs/heads/main/pipeline/data/Diaz%20appraisals%201964/processed/B10/B10_P5__photo11.jpg,B10,P5
https://raw.githubusercontent.com/communitymaplab/athens-r51-property-appraisal-photos/refs/heads/main/pipeline/data/Diaz%20appraisals%201964/processed/B10/B10_P5__photo12.jpg,B10,P5
https://raw.githubusercontent.com/communitymaplab/athens-r51-property-appraisal-photos/refs/heads/main/pipeline/data/Diaz%20appraisals%201964/processed/B10/B10_P5__photo13.jpg,B10,P5
https://raw.githubusercontent.com/communitymaplab/athens-r51-property-appraisal-photos/refs/heads/main/pipeline/data/Diaz%20appraisals%201964/processed/B10/B10_P5__photo14.jpg,B10,P5
https://raw.githubusercontent.com/communitymaplab/athens-r51-property-appraisal-photos/refs/heads/main/pipeline/data/Diaz%20appraisals%201964/processed/B10/B10_P5__photo15.jpg,B10,P5
https://raw.githubusercontent.com/communitymaplab/athens-r51-property-appraisal-photos/refs/heads/main/pipeline/data/Diaz%20appraisals%201964/processed/B10/B10_P5__photo16.jpg,B10,P5
https://raw.githubusercontent.com/communitymaplab/athens-r51-property-appraisal-photos/refs/heads/main/pipeline/data/Diaz%20appraisals%201964/processed/B10/B10_P7__photo1.jpg,B10,P7
https://raw.githubusercontent.com/communitymaplab/athens-r51-property-appraisal-photos/refs/heads/main/pipeline/data/Diaz%20appraisals%201964/processed/B10/B10_P7__photo2.jpg,B10,P7
https://raw.githubusercontent.com/communitymaplab/athens-r51-property-appraisal-photos/refs/heads/main/pipeline/data/Diaz%20appraisals%201964/processed/B10/B10_P8__photo1.jpg,B10,P8
https://raw.githubusercontent.com/communitymaplab/athens-r51-property-appraisal-photos/refs/heads/main/pipeline/data/Diaz%20appraisals%201964/processed/B10/B10_P8__photo2.jpg,B10,P8
https://raw.githubusercontent.com/communitymaplab/athens-r51-property-appraisal-photos/refs/heads/main/pipeline/data/Diaz%20appraisals%201964/processed/B10/B10_P9__photo1.jpg,B10,P9
https://raw.githubusercontent.com/communitymaplab/athens-r51-property-appraisal-photos/refs/heads/main/pipeline/data/Diaz%20appraisals%201964/processed/B10/B10_P9__photo2.jpg,B10,P9
https://raw.githubusercontent.com/communitymaplab/athens-r51-property-appraisal-photos/refs/heads/main/pipeline/data/Diaz%20appraisals%201964/processed/B10/B10_P10__photo1.jpg,B10,P10
https://raw.githubusercontent.com/communitymaplab/athens-r51-property-appraisal-photos/refs/heads/main/pipeline/data/Diaz%20appraisals%201964/processed/B10/B10_P10__photo2.jpg,B10,P10
https://raw.githubusercontent.com/communitymaplab/athens-r51-property-appraisal-photos/refs/heads/main/pipeline/data/Diaz%20appraisals%201964/processed/B10/B10_P10__photo3.jpg,B10,P10
https://raw.githubusercontent.com/communitymaplab/athens-r51-property-appraisal-photos/refs/heads/main/pipeline/data/Diaz%20appraisals%201964/processed/B10/B10_P10__photo4.jpg,B10,P10
https://raw.githubusercontent.com/communitymaplab/athens-r51-property-appraisal-photos/refs/heads/main/pipeline/data/Diaz%20appraisals%201964/processed/B10/B10_P11__photo1.jpg,B10,P11
https://raw.githubusercontent.com/communitymaplab/athens-r51-property-appraisal-photos/refs/heads/main/pipeline/data/Diaz%20appraisals%201964/processed/B10/B10_P12__photo1.jpg,B10,P12
https://raw.githubusercontent.com/communitymaplab/athens-r51-property-appraisal-photos/refs/heads/main/pipeline/data/Diaz%20appraisals%201964/processed/B10/B10_P12__photo2.jpg,B10,P12
https://raw.githubusercontent.com/communitymaplab/athens-r51-property-appraisal-photos/refs/heads/main/pipeline/data/Diaz%20appraisals%201964/processed/B10/B10_P13__photo1.jpg,B10,P13
https://raw.githubusercontent.com/communitymaplab/athens-r51-property-appraisal-photos/refs/heads/main/pipeline/data/Diaz%20appraisals%201964/processed/B10/B10_P13__photo2.jpg,B10,P13
https://raw.githubusercontent.com/communitymaplab/athens-r51-property-appraisal-photos/refs/heads/main/pipeline/data/Diaz%20appraisals%201964/processed/B10/B10_P14__photo1.jpg,B10,P14
https://raw.githubusercontent.com/communitymaplab/athens-r51-property-appraisal-photos/refs/heads/main/pipeline/data/Diaz%20appraisals%201964/processed/B10/B10_P14__photo2.jpg,B10,P14
https://raw.githubusercontent.com/communitymaplab/athens-r51-property-appraisal-photos/refs/heads/main/pipeline/data/Diaz%20appraisals%201964/processed/B10/B10_P15__photo1.jpg,B10,P15
https://raw.githubusercontent.com/communitymaplab/athens-r51-property-appraisal-photos/refs/heads/main/pipeline/data/Diaz%20appraisals%201964/processed/B10/B10_P15__photo2.jpg,B10,P15
https://raw.githubusercontent.com/communitymaplab/athens-r51-property-appraisal-photos/refs/heads/main/pipeline/data/Diaz%20appraisals%201964/processed/B10/B10_P16__photo1.jpg,B10,P16
https://raw.githubusercontent.com/communitymaplab/athens-r51-property-appraisal-photos/refs/heads/main/pipeline/data/Diaz%20appraisals%201964/processed/B10/B10_P16__photo2.jpg,B10,P16
https://raw.githubusercontent.com/communitymaplab/athens-r51-property-appraisal-photos/refs/heads/main/pipeline/data/Diaz%20appraisals%201964/processed/B10/B10_P17__photo1.jpg,B10,P17
https://raw.githubusercontent.com/communitymaplab/athens-r51-property-appraisal-photos/refs/heads/main/pipeline/data/Diaz%20appraisals%201964/processed/B10/B10_P17__photo2.jpg,B10,P17
https://raw.githubusercontent.com/communitymaplab/athens-r51-property-appraisal-photos/refs/heads/main/pipeline/data/Diaz%20appraisals%201964/processed/B10/B10_P19__photo1.jpg,B10,P19
https://raw.githubusercontent.com/communitymaplab/athens-r51-property-appraisal-photos/refs/heads/main/pipeline/data/Diaz%20appraisals%201964/processed/B10/B10_P19__photo2.jpg,B10,P19
https://raw.githubusercontent.com/communitymaplab/athens-r51-property-appraisal-photos/refs/heads/main/pipeline/data/Diaz%20appraisals%201964/processed/B10/B10_P20__photo1.jpg,B10,P20
https://raw.githubusercontent.com/communitymaplab/athens-r51-property-appraisal-photos/refs/heads/main/pipeline/data/Diaz%20appraisals%201964/processed/B10/B10_P20__photo2.jpg,B10,P20
https://raw.githubusercontent.com/communitymaplab/athens-r51-property-appraisal-photos/refs/heads/main/pipeline/data/Diaz%20appraisals%201964/processed/B10/B10_P20__photo3.jpg,B10,P20
https://raw.githubusercontent.com/communitymaplab/athens-r51-property-appraisal-photos/refs/heads/main/pipeline/data/Diaz%20appraisals%201964/processed/B10/B10_P20__photo4.jpg,B10,P20
https://raw.githubusercontent.com/communitymaplab/athens-r51-property-appraisal-photos/refs/heads/main/pipeline/data/Diaz%20appraisals%201964/processed/B10/B10_P21__photo1.jpg,B10,P21
https://raw.githubusercontent.com/communitymaplab/athens-r51-property-appraisal-photos/refs/heads/main/pipeline/data/Diaz%20appraisals%201964/processed/B10/B10_P21__photo2.jpg,B10,P21
https://raw.githubusercontent.com/communitymaplab/athens-r51-property-appraisal-photos/refs/heads/main/pipeline/data/Diaz%20appraisals%201964/processed/B10/B10_P22__photo1.jpg,B10,P22
https://raw.githubusercontent.com/communitymaplab/athens-r51-property-appraisal-photos/refs/heads/main/pipeline/data/Diaz%20appraisals%201964/processed/B10/B10_P22__photo2.jpg,B10,P22
https://raw.githubusercontent.com/communitymaplab/athens-r51-property-appraisal-photos/refs/heads/main/pipeline/data/Diaz%20appraisals%201964/processed/B10/B10_P23__photo1.jpg,B10,P23
https://raw.githubusercontent.com/communitymaplab/athens-r51-property-appraisal-photos/refs/heads/main/pipeline/data/Diaz%20appraisals%201964/processed/B11/B11_P1__photo1.jpg,B11,P1
https://raw.githubusercontent.com/communitymaplab/athens-r51-property-appraisal-photos/refs/heads/main/pipeline/data/Diaz%20appraisals%201964/processed/B11/B11_P1__photo2.jpg,B11,P1
https://raw.githubusercontent.com/communitymaplab/athens-r51-property-appraisal-photos/refs/heads/main/pipeline/data/Diaz%20appraisals%201964/processed/B11/B11_P1__photo3.jpg,B11,P1
https://raw.githubusercontent.com/communitymaplab/athens-r51-property-appraisal-photos/refs/heads/main/pipeline/data/Diaz%20appraisals%201964/processed/B11/B11_P2__photo1.jpg,B11,P2
https://raw.githubusercontent.com/communitymaplab/athens-r51-property-appraisal-photos/refs/heads/main/pipeline/data/Diaz%20appraisals%201964/processed/B11/B11_P2__photo2.jpg,B11,P2
https://raw.githubusercontent.com/communitymaplab/athens-r51-property-appraisal-photos/refs/heads/main/pipeline/data/Diaz%20appraisals%201964/processed/B11/B11_P2__photo3.jpg,B11,P2
https://raw.githubusercontent.com/communitymaplab/athens-r51-property-appraisal-photos/refs/heads/main/pipeline/data/Diaz%20appraisals%201964/processed/B11/B11_P2__photo4.jpg,B11,P2
https://raw.githubusercontent.com/communitymaplab/athens-r51-property-appraisal-photos/refs/heads/main/pipeline/data/Diaz%20appraisals%201964/processed/B11/B11_P8__photo1.jpg,B11,P8
https://raw.githubusercontent.com/communitymaplab/athens-r51-property-appraisal-photos/refs/heads/main/pipeline/data/Diaz%20appraisals%201964/processed/B11/B11_P8__photo2.jpg,B11,P8
https://raw.githubusercontent.com/communitymaplab/athens-r51-property-appraisal-photos/refs/heads/main/pipeline/data/Diaz%20appraisals%201964/processed/B11/B11_P8__photo3.jpg,B11,P8
https://raw.githubusercontent.com/communitymaplab/athens-r51-property-appraisal-photos/refs/heads/main/pipeline/data/Diaz%20appraisals%201964/processed/B11/B11_P8__photo4.jpg,B11,P8
https://raw.githubusercontent.com/communitymaplab/athens-r51-property-appraisal-photos/refs/heads/main/pipeline/data/Diaz%20appraisals%201964/processed/B11/B11_P9__photo1.jpg,B11,P9
https://raw.githubusercontent.com/communitymaplab/athens-r51-property-appraisal-photos/refs/heads/main/pipeline/data/Diaz%20appraisals%201964/processed/B11/B11_P9__photo2.jpg,B11,P9
https://raw.githubusercontent.com/communitymaplab/athens-r51-property-appraisal-photos/refs/heads/main/pipeline/data/Diaz%20appraisals%201964/processed/B11/B11_P10__photo1.jpg,B11,P10
https://raw.githubusercontent.com/communitymaplab/athens-r51-property-appraisal-photos/refs/heads/main/pipeline/data/Diaz%20appraisals%201964/processed/B11/B11_P10__photo2.jpg,B11,P10
https://raw.githubusercontent.com/communitymaplab/athens-r51-property-appraisal-photos/refs/heads/main/pipeline/data/Diaz%20appraisals%201964/processed/B11/B11_P10__photo3.jpg,B11,P10
https://raw.githubusercontent.com/communitymaplab/athens-r51-property-appraisal-photos/refs/heads/main/pipeline/data/Diaz%20appraisals%201964/processed/B11/B11_P10__photo4.jpg,B11,P10
https://raw.githubusercontent.com/communitymaplab/athens-r51-property-appraisal-photos/refs/heads/main/pipeline/data/Diaz%20appraisals%201964/processed/B11/B11_P10__photo5.jpg,B11,P10
https://raw.githubusercontent.com/communitymaplab/athens-r51-property-appraisal-photos/refs/heads/main/pipeline/data/Diaz%20appraisals%201964/processed/B11/B11_P10__photo6.jpg,B11,P10
https://raw.githubusercontent.com/communitymaplab/athens-r51-property-appraisal-photos/refs/heads/main/pipeline/data/Diaz%20appraisals%201964/processed/B11/B11_P3__photo1.jpg,B11,P3
https://raw.githubusercontent.com/communitymaplab/athens-r51-property-appraisal-photos/refs/heads/main/pipeline/data/Diaz%20appraisals%201964/processed/B11/B11_P3__photo2.jpg,B11,P3
https://raw.githubusercontent.com/communitymaplab/athens-r51-property-appraisal-photos/refs/heads/main/pipeline/data/Diaz%20appraisals%201964/processed/B11/B11_P4__photo1.jpg,B11,P4
https://raw.githubusercontent.com/communitymaplab/athens-r51-property-appraisal-photos/refs/heads/main/pipeline/data/Diaz%20appraisals%201964/processed/B11/B11_P4__photo2.jpg,B11,P4
https://raw.githubusercontent.com/communitymaplab/athens-r51-property-appraisal-photos/refs/heads/main/pipeline/data/Diaz%20appraisals%201964/processed/B11/B11_P5__photo1.jpg,B11,P5
https://raw.githubusercontent.com/communitymaplab/athens-r51-property-appraisal-photos/refs/heads/main/pipeline/data/Diaz%20appraisals%201964/processed/B11/B11_P6__photo1.jpg,B11,P6
https://raw.githubusercontent.com/communitymaplab/athens-r51-property-appraisal-photos/refs/heads/main/pipeline/data/Diaz%20appraisals%201964/processed/B11/B11_P6__photo2.jpg,B11,P6
https://raw.githubusercontent.com/communitymaplab/athens-r51-property-appraisal-photos/refs/heads/main/pipeline/data/Diaz%20appraisals%201964/processed/B11/B11_P7__photo1.jpg,B11,P7
https://raw.githubusercontent.com/communitymaplab/athens-r51-property-appraisal-photos/refs/heads/main/pipeline/data/Diaz%20appraisals%201964/processed/B11/B11_P7__photo2.jpg,B11,P7
https://raw.githubusercontent.com/communitymaplab/athens-r51-property-appraisal-photos/refs/heads/main/pipeline/data/Diaz%20appraisals%201964/processed/B12/B12_P1__photo1.jpg,B12,P1
https://raw.githubusercontent.com/communitymaplab/athens-r51-property-appraisal-photos/refs/heads/main/pipeline/data/Diaz%20appraisals%201964/processed/B12/B12_P1__photo2.jpg,B12,P1
https://raw.githubusercontent.com/communitymaplab/athens-r51-property-appraisal-photos/refs/heads/main/pipeline/data/Diaz%20appraisals%201964/processed/B12/B12_P1__photo3.jpg,B12,P1
https://raw.githubusercontent.com/communitymaplab/athens-r51-property-appraisal-photos/refs/heads/main/pipeline/data/Diaz%20appraisals%201964/processed/B12/B12_P1__photo4.jpg,B12,P1
https://raw.githubusercontent.com/communitymaplab/athens-r51-property-appraisal-photos/refs/heads/main/pipeline/data/Diaz%20appraisals%201964/processed/B12/B12_P27__photo1.jpg,B12,P27
https://raw.githubusercontent.com/communitymaplab/athens-r51-property-appraisal-photos/refs/heads/main/pipeline/data/Diaz%20appraisals%201964/processed/B12/B12_P27__photo2.jpg,B12,P27
https://raw.githubusercontent.com/communitymaplab/athens-r51-property-appraisal-photos/refs/heads/main/pipeline/data/Diaz%20appraisals%201964/processed/B12/B12_P2__photo1.jpg,B12,P2
https://raw.githubusercontent.com/communitymaplab/athens-r51-property-appraisal-photos/refs/heads/main/pipeline/data/Diaz%20appraisals%201964/processed/B12/B12_P2__photo2.jpg,B12,P2
https://raw.githubusercontent.com/communitymaplab/athens-r51-property-appraisal-photos/refs/heads/main/pipeline/data/Diaz%20appraisals%201964/processed/B12/B12_P3__photo1.jpg,B12,P3
https://raw.githubusercontent.com/communitymaplab/athens-r51-property-appraisal-photos/refs/heads/main/pipeline/data/Diaz%20appraisals%201964/processed/B12/B12_P3__photo2.jpg,B12,P3
https://raw.githubusercontent.com/communitymaplab/athens-r51-property-appraisal-photos/refs/heads/main/pipeline/data/Diaz%20appraisals%201964/processed/B12/B12_P4__photo1.jpg,B12,P4
https://raw.githubusercontent.com/communitymaplab/athens-r51-property-appraisal-photos/refs/heads/main/pipeline/data/Diaz%20appraisals%201964/processed/B12/B12_P4__photo2.jpg,B12,P4
https://raw.githubusercontent.com/communitymaplab/athens-r51-property-appraisal-photos/refs/heads/main/pipeline/data/Diaz%20appraisals%201964/processed/B12/B12_P4__photo3.jpg,B12,P4
https://raw.githubusercontent.com/communitymaplab/athens-r51-property-appraisal-photos/refs/heads/main/pipeline/data/Diaz%20appraisals%201964/processed/B12/B12_P4__photo4.jpg,B12,P4
https://raw.githubusercontent.com/communitymaplab/athens-r51-property-appraisal-photos/refs/heads/main/pipeline/data/Diaz%20appraisals%201964/processed/B12/B12_P5__photo1.jpg,B12,P5
https://raw.githubusercontent.com/communitymaplab/athens-r51-property-appraisal-photos/refs/heads/main/pipeline/data/Diaz%20appraisals%201964/processed/B12/B12_P5__photo2.jpg,B12,P5
https://raw.githubusercontent.com/communitymaplab/athens-r51-property-appraisal-photos/refs/heads/main/pipeline/data/Diaz%20appraisals%201964/processed/B12/B12_P6__photo1.jpg,B12,P6
https://raw.githubusercontent.com/communitymaplab/athens-r51-property-appraisal-photos/refs/heads/main/pipeline/data/Diaz%20appraisals%201964/processed/B12/B12_P6__photo2.jpg,B12,P6
https://raw.githubusercontent.com/communitymaplab/athens-r51-property-appraisal-photos/refs/heads/main/pipeline/data/Diaz%20appraisals%201964/processed/B12/B12_P7__photo1.jpg,B12,P7
https://raw.githubusercontent.com/communitymaplab/athens-r51-property-appraisal-photos/refs/heads/main/pipeline/data/Diaz%20appraisals%201964/processed/B12/B12_P7__photo2.jpg,B12,P7
https://raw.githubusercontent.com/communitymaplab/athens-r51-property-appraisal-photos/refs/heads/main/pipeline/data/Diaz%20appraisals%201964/processed/B12/B12_P8__photo1.jpg,B12,P8
https://raw.githubusercontent.com/communitymaplab/athens-r51-property-appraisal-photos/refs/heads/main/pipeline/data/Diaz%20appraisals%201964/processed/B12/B12_P8__photo2.jpg,B12,P8
https://raw.githubusercontent.com/communitymaplab/athens-r51-property-appraisal-photos/refs/heads/main/pipeline/data/Diaz%20appraisals%201964/processed/B12/B12_P9__photo1.jpg,B12,P9
https://raw.githubusercontent.com/communitymaplab/athens-r51-property-appraisal-photos/refs/heads/main/pipeline/data/Diaz%20appraisals%201964/processed/B12/B12_P9__photo2.jpg,B12,P9
https://raw.githubusercontent.com/communitymaplab/athens-r51-property-appraisal-photos/refs/heads/main/pipeline/data/Diaz%20appraisals%201964/processed/B12/B12_P10__photo1.jpg,B12,P10
https://raw.githubusercontent.com/communitymaplab/athens-r51-property-appraisal-photos/refs/heads/main/pipeline/data/Diaz%20appraisals%201964/processed/B12/B12_P11__photo1.jpg,B12,P11
https://raw.githubusercontent.com/communitymaplab/athens-r51-property-appraisal-photos/refs/heads/main/pipeline/data/Diaz%20appraisals%201964/processed/B12/B12_P11__photo2.jpg,B12,P11
https://raw.githubusercontent.com/communitymaplab/athens-r51-property-appraisal-photos/refs/heads/main/pipeline/data/Diaz%20appraisals%201964/processed/B12/B12_P12__photo1.jpg,B12,P12
https://raw.githubusercontent.com/communitymaplab/athens-r51-property-appraisal-photos/refs/heads/main/pipeline/data/Diaz%20appraisals%201964/processed/B12/B12_P12__photo2.jpg,B12,P12
https://raw.githubusercontent.com/communitymaplab/athens-r51-property-appraisal-photos/refs/heads/main/pipeline/data/Diaz%20appraisals%201964/processed/B12/B12_P13__photo1.jpg,B12,P13
https://raw.githubusercontent.com/communitymaplab/athens-r51-property-appraisal-photos/refs/heads/main/pipeline/data/Diaz%20appraisals%201964/processed/B12/B12_P13__photo2.jpg,B12,P13
https://raw.githubusercontent.com/communitymaplab/athens-r51-property-appraisal-photos/refs/heads/main/pipeline/data/Diaz%20appraisals%201964/processed/B12/B12_P14__photo1.jpg,B12,P14
https://raw.githubusercontent.com/communitymaplab/athens-r51-property-appraisal-photos/refs/heads/main/pipeline/data/Diaz%20appraisals%201964/processed/B12/B12_P14__photo2.jpg,B12,P14
https://raw.githubusercontent.com/communitymaplab/athens-r51-property-appraisal-photos/refs/heads/main/pipeline/data/Diaz%20appraisals%201964/processed/B12/B12_P14__photo4.jpg,B12,P14
https://raw.githubusercontent.com/communitymaplab/athens-r51-property-appraisal-photos/refs/heads/main/pipeline/data/Diaz%20appraisals%201964/processed/B12/B12_P14__photo5.jpg,B12,P14
https://raw.githubusercontent.com/communitymaplab/athens-r51-property-appraisal-photos/refs/heads/main/pipeline/data/Diaz%20appraisals%201964/processed/B12/B12_P15__photo1.jpg,B12,P15
https://raw.githubusercontent.com/communitymaplab/athens-r51-property-appraisal-photos/refs/heads/main/pipeline/data/Diaz%20appraisals%201964/processed/B12/B12_P15__photo2.jpg,B12,P15
https://raw.githubusercontent.com/communitymaplab/athens-r51-property-appraisal-photos/refs/heads/main/pipeline/data/Diaz%20appraisals%201964/processed/B12/B12_P15__photo3.jpg,B12,P15
https://raw.githubusercontent.com/communitymaplab/athens-r51-property-appraisal-photos/refs/heads/main/pipeline/data/Diaz%20appraisals%201964/processed/B12/B12_P15__photo4.jpg,B12,P15
https://raw.githubusercontent.com/communitymaplab/athens-r51-property-appraisal-photos/refs/heads/main/pipeline/data/Diaz%20appraisals%201964/processed/B12/B12_P16__photo1.jpg,B12,P16
https://raw.githubusercontent.com/communitymaplab/athens-r51-property-appraisal-photos/refs/heads/main/pipeline/data/Diaz%20appraisals%201964/processed/B12/B12_P16__photo2.jpg,B12,P16
https://raw.githubusercontent.com/communitymaplab/athens-r51-property-appraisal-photos/refs/heads/main/pipeline/data/Diaz%20appraisals%201964/processed/B12/B12_P17__photo1.jpg,B12,P17
https://raw.githubusercontent.com/communitymaplab/athens-r51-property-appraisal-photos/refs/heads/main/pipeline/data/Diaz%20appraisals%201964/processed/B12/B12_P17__photo2.jpg,B12,P17
https://raw.githubusercontent.com/communitymaplab/athens-r51-property-appraisal-photos/refs/heads/main/pipeline/data/Diaz%20appraisals%201964/processed/B12/B12_P18__photo1.jpg,B12,P18
https://raw.githubusercontent.com/communitymaplab/athens-r51-property-appraisal-photos/refs/heads/main/pipeline/data/Diaz%20appraisals%201964/processed/B12/B12_P18__photo2.jpg,B12,P18
https://raw.githubusercontent.com/communitymaplab/athens-r51-property-appraisal-photos/refs/heads/main/pipeline/data/Diaz%20appraisals%201964/processed/B12/B12_P18__photo3.jpg,B12,P18
https://raw.githubusercontent.com/communitymaplab/athens-r51-property-appraisal-photos/refs/heads/main/pipeline/data/Diaz%20appraisals%201964/processed/B12/B12_P18__photo4.jpg,B12,P18
https://raw.githubusercontent.com/communitymaplab/athens-r51-property-appraisal-photos/refs/heads/main/pipeline/data/Diaz%20appraisals%201964/processed/B12/B12_P19__photo1.jpg,B12,P19
https://raw.githubusercontent.com/communitymaplab/athens-r51-property-appraisal-photos/refs/heads/main/pipeline/data/Diaz%20appraisals%201964/processed/B12/B12_P19__photo2.jpg,B12,P19
https://raw.githubusercontent.com/communitymaplab/athens-r51-property-appraisal-photos/refs/heads/main/pipeline/data/Diaz%20appraisals%201964/processed/B12/B12_P20__photo1.jpg,B12,P20
https://raw.githubusercontent.com/communitymaplab/athens-r51-property-appraisal-photos/refs/heads/main/pipeline/data/Diaz%20appraisals%201964/processed/B12/B12_P20__photo2.jpg,B12,P20
https://raw.githubusercontent.com/communitymaplab/athens-r51-property-appraisal-photos/refs/heads/main/pipeline/data/Diaz%20appraisals%201964/processed/B12/B12_P21__photo1.jpg,B12,P21
https://raw.githubusercontent.com/communitymaplab/athens-r51-property-appraisal-photos/refs/heads/main/pipeline/data/Diaz%20appraisals%201964/processed/B12/B12_P21__photo2.jpg,B12,P21
https://raw.githubusercontent.com/communitymaplab/athens-r51-property-appraisal-photos/refs/heads/main/pipeline/data/Diaz%20appraisals%201964/processed/B12/B12_P22__photo1.jpg,B12,P22
https://raw.githubusercontent.com/communitymaplab/athens-r51-property-appraisal-photos/refs/heads/main/pipeline/data/Diaz%20appraisals%201964/processed/B12/B12_P22__photo2.jpg,B12,P22
https://raw.githubusercontent.com/communitymaplab/athens-r51-property-appraisal-photos/refs/heads/main/pipeline/data/Diaz%20appraisals%201964/processed/B12/B12_P23__photo1.jpg,B12,P23
https://raw.githubusercontent.com/communitymaplab/athens-r51-property-appraisal-photos/refs/heads/main/pipeline/data/Diaz%20appraisals%201964/processed/B12/B12_P23__photo2.jpg,B12,P23
https://raw.githubusercontent.com/communitymaplab/athens-r51-property-appraisal-photos/refs/heads/main/pipeline/data/Diaz%20appraisals%201964/processed/B12/B12_P24__photo1.jpg,B12,P24
https://raw.githubusercontent.com/communitymaplab/athens-r51-property-appraisal-photos/refs/heads/main/pipeline/data/Diaz%20appraisals%201964/processed/B12/B12_P24__photo2.jpg,B12,P24
https://raw.githubusercontent.com/communitymaplab/athens-r51-property-appraisal-photos/refs/heads/main/pipeline/data/Diaz%20appraisals%201964/processed/B12/B12_P25__photo1.jpg,B12,P25
https://raw.githubusercontent.com/communitymaplab/athens-r51-property-appraisal-photos/refs/heads/main/pipeline/data/Diaz%20appraisals%201964/processed/B12/B12_P25__photo2.jpg,B12,P25
https://raw.githubusercontent.com/communitymaplab/athens-r51-property-appraisal-photos/refs/heads/main/pipeline/data/Diaz%20appraisals%201964/processed/B12/B12_P26__photo1.jpg,B12,P26
https://raw.githubusercontent.com/communitymaplab/athens-r51-property-appraisal-photos/refs/heads/main/pipeline/data/Diaz%20appraisals%201964/processed/B12/B12_P26__photo2.jpg,B12,P26
https://raw.githubusercontent.com/communitymaplab/athens-r51-property-appraisal-photos/refs/heads/main/pipeline/data/Diaz%20appraisals%201964/processed/B12/B12_P28__photo1.jpg,B12,P28
https://raw.githubusercontent.com/communitymaplab/athens-r51-property-appraisal-photos/refs/heads/main/pipeline/data/Diaz%20appraisals%201964/processed/B12/B12_P29__photo1.jpg,B12,P29
https://raw.githubusercontent.com/communitymaplab/athens-r51-property-appraisal-photos/refs/heads/main/pipeline/data/Diaz%20appraisals%201964/processed/B12/B12_P29__photo2.jpg,B12,P29
https://raw.githubusercontent.com/communitymaplab/athens-r51-property-appraisal-photos/refs/heads/main/pipeline/data/Diaz%20appraisals%201964/processed/B12/B12_P30__photo1.jpg,B12,P30
https://raw.githubusercontent.com/communitymaplab/athens-r51-property-appraisal-photos/refs/heads/main/pipeline/data/Diaz%20appraisals%201964/processed/B12/B12_P30__photo2.jpg,B12,P30
https://raw.githubusercontent.com/communitymaplab/athens-r51-property-appraisal-photos/refs/heads/main/pipeline/data/Diaz%20appraisals%201964/processed/B13/B13_P1__photo1.jpg,B13,P1
https://raw.githubusercontent.com/communitymaplab/athens-r51-property-appraisal-photos/refs/heads/main/pipeline/data/Diaz%20appraisals%201964/processed/B13/B13_P1__photo2.jpg,B13,P1
https://raw.githubusercontent.com/communitymaplab/athens-r51-property-appraisal-photos/refs/heads/main/pipeline/data/Diaz%20appraisals%201964/processed/B13/B13_P2__photo1.jpg,B13,P2
https://raw.githubusercontent.com/communitymaplab/athens-r51-property-appraisal-photos/refs/heads/main/pipeline/data/Diaz%20appraisals%201964/processed/B13/B13_P2__photo2.jpg,B13,P2
https://raw.githubusercontent.com/communitymaplab/athens-r51-property-appraisal-photos/refs/heads/main/pipeline/data/Diaz%20appraisals%201964/processed/B13/B13_P3__photo1.jpg,B13,P3
https://raw.githubusercontent.com/communitymaplab/athens-r51-property-appraisal-photos/refs/heads/main/pipeline/data/Diaz%20appraisals%201964/processed/B13/B13_P3__photo2.jpg,B13,P3
https://raw.githubusercontent.com/communitymaplab/athens-r51-property-appraisal-photos/refs/heads/main/pipeline/data/Diaz%20appraisals%201964/processed/B13/B13_P3__photo3.jpg,B13,P3
https://raw.githubusercontent.com/communitymaplab/athens-r51-property-appraisal-photos/refs/heads/main/pipeline/data/Diaz%20appraisals%201964/processed/B14/B14_P1__photo1.jpg,B14,P1
https://raw.githubusercontent.com/communitymaplab/athens-r51-property-appraisal-photos/refs/heads/main/pipeline/data/Diaz%20appraisals%201964/processed/B14/B14_P1__photo2.jpg,B14,P1
https://raw.githubusercontent.com/communitymaplab/athens-r51-property-appraisal-photos/refs/heads/main/pipeline/data/Diaz%20appraisals%201964/processed/B14/B14_P1__photo3.jpg,B14,P1
https://raw.githubusercontent.com/communitymaplab/athens-r51-property-appraisal-photos/refs/heads/main/pipeline/data/Diaz%20appraisals%201964/processed/B14/B14_P1__photo4.jpg,B14,P1
https://raw.githubusercontent.com/communitymaplab/athens-r51-property-appraisal-photos/refs/heads/main/pipeline/data/Diaz%20appraisals%201964/processed/B14/B14_P1__photo5.jpg,B14,P1
https://raw.githubusercontent.com/communitymaplab/athens-r51-property-appraisal-photos/refs/heads/main/pipeline/data/Diaz%20appraisals%201964/processed/B14/B14_P1__photo6.jpg,B14,P1
https://raw.githubusercontent.com/communitymaplab/athens-r51-property-appraisal-photos/refs/heads/main/pipeline/data/Diaz%20appraisals%201964/processed/B14/B14_P2__photo1.jpg,B14,P2
https://raw.githubusercontent.com/communitymaplab/athens-r51-property-appraisal-photos/refs/heads/main/pipeline/data/Diaz%20appraisals%201964/processed/B14/B14_P2__photo2.jpg,B14,P2
https://raw.githubusercontent.com/communitymaplab/athens-r51-property-appraisal-photos/refs/heads/main/pipeline/data/Diaz%20appraisals%201964/processed/B14/B14_P3__photo1.jpg,B14,P3
https://raw.githubusercontent.com/communitymaplab/athens-r51-property-appraisal-photos/refs/heads/main/pipeline/data/Diaz%20appraisals%201964/processed/B14/B14_P3__photo2.jpg,B14,P3
https://raw.githubusercontent.com/communitymaplab/athens-r51-property-appraisal-photos/refs/heads/main/pipeline/data/Diaz%20appraisals%201964/processed/B14/B14_P4__photo1.jpg,B14,P4
https://raw.githubusercontent.com/communitymaplab/athens-r51-property-appraisal-photos/refs/heads/main/pipeline/data/Diaz%20appraisals%201964/processed/B14/B14_P4__photo2.jpg,B14,P4
https://raw.githubusercontent.com/communitymaplab/athens-r51-property-appraisal-photos/refs/heads/main/pipeline/data/Diaz%20appraisals%201964/processed/B14/B14_P5P6__photo1.jpg,B14,P5
https://raw.githubusercontent.com/communitymaplab/athens-r51-property-appraisal-photos/refs/heads/main/pipeline/data/Diaz%20appraisals%201964/processed/B14/B14_P5P6__photo1.jpg,B14,P6
https://raw.githubusercontent.com/communitymaplab/athens-r51-property-appraisal-photos/refs/heads/main/pipeline/data/Diaz%20appraisals%201964/processed/B14/B14_P5P6__photo2.jpg,B14,P5
https://raw.githubusercontent.com/communitymaplab/athens-r51-property-appraisal-photos/refs/heads/main/pipeline/data/Diaz%20appraisals%201964/processed/B14/B14_P5P6__photo2.jpg,B14,P6
https://raw.githubusercontent.com/communitymaplab/athens-r51-property-appraisal-photos/refs/heads/main/pipeline/data/Diaz%20appraisals%201964/processed/B14/B14_P7__photo1.jpg,B14,P7
https://raw.githubusercontent.com/communitymaplab/athens-r51-property-appraisal-photos/refs/heads/main/pipeline/data/Diaz%20appraisals%201964/processed/B14/B14_P7__photo2.jpg,B14,P7
https://raw.githubusercontent.com/communitymaplab/athens-r51-property-appraisal-photos/refs/heads/main/pipeline/data/Diaz%20appraisals%201964/processed/B14/B14_P7__photo3.jpg,B14,P7
https://raw.githubusercontent.com/communitymaplab/athens-r51-property-appraisal-photos/refs/heads/main/pipeline/data/Diaz%20appraisals%201964/processed/B14/B14_P8__photo1.jpg,B14,P8
https://raw.githubusercontent.com/communitymaplab/athens-r51-property-appraisal-photos/refs/heads/main/pipeline/data/Diaz%20appraisals%201964/processed/B14/B14_P8__photo2.jpg,B14,P8
https://raw.githubusercontent.com/communitymaplab/athens-r51-property-appraisal-photos/refs/heads/main/pipeline/data/Diaz%20appraisals%201964/processed/B14/B14_P9__photo1.jpg,B14,P9
https://raw.githubusercontent.com/communitymaplab/athens-r51-property-appraisal-photos/refs/heads/main/pipeline/data/Diaz%20appraisals%201964/processed/B14/B14_P9__photo2.jpg,B14,P9
https://raw.githubusercontent.com/communitymaplab/athens-r51-property-appraisal-photos/refs/heads/main/pipeline/data/Diaz%20appraisals%201964/processed/B14/B14_P10__photo1.jpg,B14,P10
https://raw.githubusercontent.com/communitymaplab/athens-r51-property-appraisal-photos/refs/heads/main/pipeline/data/Diaz%20appraisals%201964/processed/B14/B14_P10__photo2.jpg,B14,P10
https://raw.githubusercontent.com/communitymaplab/athens-r51-property-appraisal-photos/refs/heads/main/pipeline/data/Diaz%20appraisals%201964/processed/B14/B14_P10__photo3.jpg,B14,P10
https://raw.githubusercontent.com/communitymaplab/athens-r51-property-appraisal-photos/refs/heads/main/pipeline/data/Diaz%20appraisals%201964/processed/B14/B14_P10__photo4.jpg,B14,P10
https://raw.githubusercontent.com/communitymaplab/athens-r51-property-appraisal-photos/refs/heads/main/pipeline/data/Diaz%20appraisals%201964/processed/B15/B15_P2__photo1.jpg,B15,P2
https://raw.githubusercontent.com/communitymaplab/athens-r51-property-appraisal-photos/refs/heads/main/pipeline/data/Diaz%20appraisals%201964/processed/B15/B15_P2__photo2.jpg,B15,P2
https://raw.githubusercontent.com/communitymaplab/athens-r51-property-appraisal-photos/refs/heads/main/pipeline/data/Diaz%20appraisals%201964/processed/B15/B15_P2__photo3.jpg,B15,P2
https://raw.githubusercontent.com/communitymaplab/athens-r51-property-appraisal-photos/refs/heads/main/pipeline/data/Diaz%20appraisals%201964/processed/B15/B15_P2__photo4.jpg,B15,P2
https://raw.githubusercontent.com/communitymaplab/athens-r51-property-appraisal-photos/refs/heads/main/pipeline/data/Diaz%20appraisals%201964/processed/B15/B15_P2__photo5.jpg,B15,P2
https://raw.githubusercontent.com/communitymaplab/athens-r51-property-appraisal-photos/refs/heads/main/pipeline/data/Diaz%20appraisals%201964/processed/B15/B15_P2__photo6.jpg,B15,P2
https://raw.githubusercontent.com/communitymaplab/athens-r51-property-appraisal-photos/refs/heads/main/pipeline/data/Diaz%20appraisals%201964/processed/B15/B15_P2__photo7.jpg,B15,P2
https://raw.githubusercontent.com/communitymaplab/athens-r51-property-appraisal-photos/refs/heads/main/pipeline/data/Diaz%20appraisals%201964/processed/B15/B15_P2__photo8.jpg,B15,P2
https://raw.githubusercontent.com/communitymaplab/athens-r51-property-appraisal-photos/refs/heads/main/pipeline/data/Diaz%20appraisals%201964/processed/B15/B15_P2__photo9.jpg,B15,P2
https://raw.githubusercontent.com/communitymaplab/athens-r51-property-appraisal-photos/refs/heads/main/pipeline/data/Diaz%20appraisals%201964/processed/B15/B15_P2__photo10.jpg,B15,P2
https://raw.githubusercontent.com/communitymaplab/athens-r51-property-appraisal-photos/refs/heads/main/pipeline/data/Diaz%20appraisals%201964/processed/B15/B15_P2__photo11.jpg,B15,P2
https://raw.githubusercontent.com/communitymaplab/athens-r51-property-appraisal-photos/refs/heads/main/pipeline/data/Diaz%20appraisals%201964/processed/B15/B15_P2__photo12.jpg,B15,P2
https://raw.githubusercontent.com/communitymaplab/athens-r51-property-appraisal-photos/refs/heads/main/pipeline/data/Diaz%20appraisals%201964/processed/B15/B15_P2__photo13.jpg,B15,P2
https://raw.githubusercontent.com/communitymaplab/athens-r51-property-appraisal-photos/refs/heads/main/pipeline/data/Diaz%20appraisals%201964/processed/B15/B15_P2__photo14.jpg,B15,P2
https://raw.githubusercontent.com/communitymaplab/athens-r51-property-appraisal-photos/refs/heads/main/pipeline/data/Diaz%20appraisals%201964/processed/B16/B16_P1__photo1.jpg,B16,P1
https://raw.githubusercontent.com/communitymaplab/athens-r51-property-appraisal-photos/refs/heads/main/pipeline/data/Diaz%20appraisals%201964/processed/B16/B16_P1__photo2.jpg,B16,P1
https://raw.githubusercontent.com/communitymaplab/athens-r51-property-appraisal-photos/refs/heads/main/pipeline/data/Diaz%20appraisals%201964/processed/B16/B16_P2__photo1.jpg,B16,P2
https://raw.githubusercontent.com/communitymaplab/athens-r51-property-appraisal-photos/refs/heads/main/pipeline/data/Diaz%20appraisals%201964/processed/B16/B16_P4__photo1.jpg,B16,P4
https://raw.githubusercontent.com/communitymaplab/athens-r51-property-appraisal-photos/refs/heads/main/pipeline/data/Diaz%20appraisals%201964/processed/B16/B16_P4__photo2.jpg,B16,P4
https://raw.githubusercontent.com/communitymaplab/athens-r51-property-appraisal-photos/refs/heads/main/pipeline/data/Diaz%20appraisals%201964/processed/B16/B16_P4__photo3.jpg,B16,P4
https://raw.githubusercontent.com/communitymaplab/athens-r51-property-appraisal-photos/refs/heads/main/pipeline/data/Diaz%20appraisals%201964/processed/B16/B16_P4__photo4.jpg,B16,P4
https://raw.githubusercontent.com/communitymaplab/athens-r51-property-appraisal-photos/refs/heads/main/pipeline/data/Diaz%20appraisals%201964/processed/B16/B16_P7__photo1.jpg,B16,P7
https://raw.githubusercontent.com/communitymaplab/athens-r51-property-appraisal-photos/refs/heads/main/pipeline/data/Diaz%20appraisals%201964/processed/B16/B16_P7__photo2.jpg,B16,P7
https://raw.githubusercontent.com/communitymaplab/athens-r51-property-appraisal-photos/refs/heads/main/pipeline/data/Diaz%20appraisals%201964/processed/B16/B16_P8__photo1.jpg,B16,P8
https://raw.githubusercontent.com/communitymaplab/athens-r51-property-appraisal-photos/refs/heads/main/pipeline/data/Diaz%20appraisals%201964/processed/B16/B16_P8__photo2.jpg,B16,P8
https://raw.githubusercontent.com/communitymaplab/athens-r51-property-appraisal-photos/refs/heads/main/pipeline/data/Diaz%20appraisals%201964/processed/B16/B16_P9__photo1.jpg,B16,P9
https://raw.githubusercontent.com/communitymaplab/athens-r51-property-appraisal-photos/refs/heads/main/pipeline/data/Diaz%20appraisals%201964/processed/B16/B16_P9__photo2.jpg,B16,P9
https://raw.githubusercontent.com/communitymaplab/athens-r51-property-appraisal-photos/refs/heads/main/pipeline/data/Diaz%20appraisals%201964/processed/B16/B16_P10__photo1.jpg,B16,P10
https://raw.githubusercontent.com/communitymaplab/athens-r51-property-appraisal-photos/refs/heads/main/pipeline/data/Diaz%20appraisals%201964/processed/B16/B16_P10__photo2.jpg,B16,P10
https://raw.githubusercontent.com/communitymaplab/athens-r51-property-appraisal-photos/refs/heads/main/pipeline/data/Diaz%20appraisals%201964/processed/B17/B17_P1__photo1.jpg,B17,P1
https://raw.githubusercontent.com/communitymaplab/athens-r51-property-appraisal-photos/refs/heads/main/pipeline/data/Diaz%20appraisals%201964/processed/B17/B17_P1__photo2.jpg,B17,P1
https://raw.githubusercontent.com/communitymaplab/athens-r51-property-appraisal-photos/refs/heads/main/pipeline/data/Diaz%20appraisals%201964/processed/B17/B17_P2__photo1.jpg,B17,P2
https://raw.githubusercontent.com/communitymaplab/athens-r51-property-appraisal-photos/refs/heads/main/pipeline/data/Diaz%20appraisals%201964/processed/B17/B17_P2__photo2.jpg,B17,P2
https://raw.githubusercontent.com/communitymaplab/athens-r51-property-appraisal-photos/refs/heads/main/pipeline/data/Diaz%20appraisals%201964/processed/B17/B17_P3__photo1.jpg,B17,P3
https://raw.githubusercontent.com/communitymaplab/athens-r51-property-appraisal-photos/refs/heads/main/pipeline/data/Diaz%20appraisals%201964/processed/B17/B17_P3__photo2.jpg,B17,P3
https://raw.githubusercontent.com/communitymaplab/athens-r51-property-appraisal-photos/refs/heads/main/pipeline/data/Diaz%20appraisals%201964/processed/B17/B17_P5__photo1.jpg,B17,P5
https://raw.githubusercontent.com/communitymaplab/athens-r51-property-appraisal-photos/refs/heads/main/pipeline/data/Diaz%20appraisals%201964/processed/B17/B17_P5__photo2.jpg,B17,P5
https://raw.githubusercontent.com/communitymaplab/athens-r51-property-appraisal-photos/refs/heads/main/pipeline/data/Diaz%20appraisals%201964/processed/B17/B17_P5__photo3.jpg,B17,P5
https://raw.githubusercontent.com/communitymaplab/athens-r51-property-appraisal-photos/refs/heads/main/pipeline/data/Diaz%20appraisals%201964/processed/B17/B17_P5__photo4.jpg,B17,P5
https://raw.githubusercontent.com/communitymaplab/athens-r51-property-appraisal-photos/refs/heads/main/pipeline/data/Diaz%20appraisals%201964/processed/B17/B17_P5__photo5.jpg,B17,P5
https://raw.githubusercontent.com/communitymaplab/athens-r51-property-appraisal-photos/refs/heads/main/pipeline/data/Diaz%20appraisals%201964/processed/B18/B18_P1__photo1.jpg,B18,P1
https://raw.githubusercontent.com/communitymaplab/athens-r51-property-appraisal-photos/refs/heads/main/pipeline/data/Diaz%20appraisals%201964/processed/B18/B18_P2__photo1.jpg,B18,P2
https://raw.githubusercontent.com/communitymaplab/athens-r51-property-appraisal-photos/refs/heads/main/pipeline/data/Diaz%20appraisals%201964/processed/B18/B18_P3__photo1.jpg,B18,P3
https://raw.githubusercontent.com/communitymaplab/athens-r51-property-appraisal-photos/refs/heads/main/pipeline/data/Diaz%20appraisals%201964/processed/B18/B18_P3__photo2.jpg,B18,P3
https://raw.githubusercontent.com/communitymaplab/athens-r51-property-appraisal-photos/refs/heads/main/pipeline/data/Diaz%20appraisals%201964/processed/B18/B18_P3__photo3.jpg,B18,P3
https://raw.githubusercontent.com/communitymaplab/athens-r51-property-appraisal-photos/refs/heads/main/pipeline/data/Diaz%20appraisals%201964/processed/B18/B18_P3__photo4.jpg,B18,P3
https://raw.githubusercontent.com/communitymaplab/athens-r51-property-appraisal-photos/refs/heads/main/pipeline/data/Diaz%20appraisals%201964/processed/B18/B18_P3__photo5.jpg,B18,P3
https://raw.githubusercontent.com/communitymaplab/athens-r51-property-appraisal-photos/refs/heads/main/pipeline/data/Diaz%20appraisals%201964/processed/B18/B18_P4__photo1.jpg,B18,P4
https://raw.githubusercontent.com/communitymaplab/athens-r51-property-appraisal-photos/refs/heads/main/pipeline/data/Diaz%20appraisals%201964/processed/B18/B18_P4__photo2.jpg,B18,P4
https://raw.githubusercontent.com/communitymaplab/athens-r51-property-appraisal-photos/refs/heads/main/pipeline/data/Diaz%20appraisals%201964/processed/B18/B18_P4__photo3.jpg,B18,P4
https://raw.githubusercontent.com/communitymaplab/athens-r51-property-appraisal-photos/refs/heads/main/pipeline/data/Diaz%20appraisals%201964/processed/B18/B18_P4__photo4.jpg,B18,P4
https://raw.githubusercontent.com/communitymaplab/athens-r51-property-appraisal-photos/refs/heads/main/pipeline/data/Diaz%20appraisals%201964/processed/B18/B18_P6__photo1.jpg,B18,P6
https://raw.githubusercontent.com/communitymaplab/athens-r51-property-appraisal-photos/refs/heads/main/pipeline/data/Diaz%20appraisals%201964/processed/B18/B18_P6__photo2.jpg,B18,P6
https://raw.githubusercontent.com/communitymaplab/athens-r51-property-appraisal-photos/refs/heads/main/pipeline/data/Diaz%20appraisals%201964/processed/B18/B18_P7__photo1.jpg,B18,P7
https://raw.githubusercontent.com/communitymaplab/athens-r51-property-appraisal-photos/refs/heads/main/pipeline/data/Diaz%20appraisals%201964/processed/B19/B19_P1__photo1.jpg,B19,P1
https://raw.githubusercontent.com/communitymaplab/athens-r51-property-appraisal-photos/refs/heads/main/pipeline/data/Diaz%20appraisals%201964/processed/B19/B19_P2__photo1.jpg,B19,P2
https://raw.githubusercontent.com/communitymaplab/athens-r51-property-appraisal-photos/refs/heads/main/pipeline/data/Diaz%20appraisals%201964/processed/B19/B19_P2__photo2.jpg,B19,P2
https://raw.githubusercontent.com/communitymaplab/athens-r51-property-appraisal-photos/refs/heads/main/pipeline/data/Diaz%20appraisals%201964/processed/B19/B19_P2__photo3.jpg,B19,P2
https://raw.githubusercontent.com/communitymaplab/athens-r51-property-appraisal-photos/refs/heads/main/pipeline/data/Diaz%20appraisals%201964/processed/B19/B19_P2__photo4.jpg,B19,P2
https://raw.githubusercontent.com/communitymaplab/athens-r51-property-appraisal-photos/refs/heads/main/pipeline/data/Diaz%20appraisals%201964/processed/B19/B19_P3__photo1.jpg,B19,P3
https://raw.githubusercontent.com/communitymaplab/athens-r51-property-appraisal-photos/refs/heads/main/pipeline/data/Diaz%20appraisals%201964/processed/B19/B19_P3__photo2.jpg,B19,P3
https://raw.githubusercontent.com/communitymaplab/athens-r51-property-appraisal-photos/refs/heads/main/pipeline/data/Diaz%20appraisals%201964/processed/B19/B19_P4__photo1.jpg,B19,P4
https://raw.githubusercontent.com/communitymaplab/athens-r51-property-appraisal-photos/refs/heads/main/pipeline/data/Diaz%20appraisals%201964/processed/B19/B19_P4__photo2.jpg,B19,P4
https://raw.githubusercontent.com/communitymaplab/athens-r51-property-appraisal-photos/refs/heads/main/pipeline/data/Diaz%20appraisals%201964/processed/B19/B19_P6__photo1.jpg,B19,P6
https://raw.githubusercontent.com/communitymaplab/athens-r51-property-appraisal-photos/refs/heads/main/pipeline/data/Diaz%20appraisals%201964/processed/B19/B19_P6__photo2.jpg,B19,P6
https://raw.githubusercontent.com/communitymaplab/athens-r51-property-appraisal-photos/refs/heads/main/pipeline/data/Diaz%20appraisals%201964/processed/B19/B19_P7__photo1.jpg,B19,P7
https://raw.githubusercontent.com/communitymaplab/athens-r51-property-appraisal-photos/refs/heads/main/pipeline/data/Diaz%20appraisals%201964/processed/B19/B19_P8__photo1.jpg,B19,P8
https://raw.githubusercontent.com/communitymaplab/athens-r51-property-appraisal-photos/refs/heads/main/pipeline/data/Diaz%20appraisals%201964/processed/B19/B19_P8__photo2.jpg,B19,P8
https://raw.githubusercontent.com/communitymaplab/athens-r51-property-appraisal-photos/refs/heads/main/pipeline/data/Diaz%20appraisals%201964/processed/B19/B19_P9__photo1.jpg,B19,P9
https://raw.githubusercontent.com/communitymaplab/athens-r51-property-appraisal-photos/refs/heads/main/pipeline/data/Diaz%20appraisals%201964/processed/B19/B19_P9__photo2.jpg,B19,P9
https://raw.githubusercontent.com/communitymaplab/athens-r51-property-appraisal-photos/refs/heads/main/pipeline/data/Diaz%20appraisals%201964/processed/B19/B19_P9__photo3.jpg,B19,P9
https://raw.githubusercontent.com/communitymaplab/athens-r51-property-appraisal-photos/refs/heads/main/pipeline/data/Diaz%20appraisals%201964/processed/B19/B19_P9__photo4.jpg,B19,P9
https://raw.githubusercontent.com/communitymaplab/athens-r51-property-appraisal-photos/refs/heads/main/pipeline/data/Diaz%20appraisals%201964/processed/B19/B19_P10__photo1.jpg,B19,P10
https://raw.githubusercontent.com/communitymaplab/athens-r51-property-appraisal-photos/refs/heads/main/pipeline/data/Diaz%20appraisals%201964/processed/B19/B19_P11__photo1.jpg,B19,P11
https://raw.githubusercontent.com/communitymaplab/athens-r51-property-appraisal-photos/refs/heads/main/pipeline/data/Diaz%20appraisals%201964/processed/B19/B19_P11__photo2.jpg,B19,P11
https://raw.githubusercontent.com/communitymaplab/athens-r51-property-appraisal-photos/refs/heads/main/pipeline/data/Diaz%20appraisals%201964/processed/B19/B19_P12__photo1.jpg,B19,P12
https://raw.githubusercontent.com/communitymaplab/athens-r51-property-appraisal-photos/refs/heads/main/pipeline/data/Diaz%20appraisals%201964/processed/B19/B19_P12__photo2.jpg,B19,P12
https://raw.githubusercontent.com/communitymaplab/athens-r51-property-appraisal-photos/refs/heads/main/pipeline/data/Diaz%20appraisals%201964/processed/B19/B19_P13__photo1.jpg,B19,P13
https://raw.githubusercontent.com/communitymaplab/athens-r51-property-appraisal-photos/refs/heads/main/pipeline/data/Diaz%20appraisals%201964/processed/B19/B19_P13__photo2.jpg,B19,P13
https://raw.githubusercontent.com/communitymaplab/athens-r51-property-appraisal-photos/refs/heads/main/pipeline/data/Diaz%20appraisals%201964/processed/B20/B20_P1__photo1.jpg,B20,P1
https://raw.githubusercontent.com/communitymaplab/athens-r51-property-appraisal-photos/refs/heads/main/pipeline/data/Diaz%20appraisals%201964/processed/B20/B20_P2__photo1.jpg,B20,P2
https://raw.githubusercontent.com/communitymaplab/athens-r51-property-appraisal-photos/refs/heads/main/pipeline/data/Diaz%20appraisals%201964/processed/B20/B20_P2__photo2.jpg,B20,P2
https://raw.githubusercontent.com/communitymaplab/athens-r51-property-appraisal-photos/refs/heads/main/pipeline/data/Diaz%20appraisals%201964/processed/B20/B20_P3__photo1.jpg,B20,P3
https://raw.githubusercontent.com/communitymaplab/athens-r51-property-appraisal-photos/refs/heads/main/pipeline/data/Diaz%20appraisals%201964/processed/B20/B20_P3__photo2.jpg,B20,P3
https://raw.githubusercontent.com/communitymaplab/athens-r51-property-appraisal-photos/refs/heads/main/pipeline/data/Diaz%20appraisals%201964/processed/B20/B20_P4__photo1.jpg,B20,P4
https://raw.githubusercontent.com/communitymaplab/athens-r51-property-appraisal-photos/refs/heads/main/pipeline/data/Diaz%20appraisals%201964/processed/B20/B20_P4__photo2.jpg,B20,P4
https://raw.githubusercontent.com/communitymaplab/athens-r51-property-appraisal-photos/refs/heads/main/pipeline/data/Diaz%20appraisals%201964/processed/B20/B20_P5__photo1.jpg,B20,P5
https://raw.githubusercontent.com/communitymaplab/athens-r51-property-appraisal-photos/refs/heads/main/pipeline/data/Diaz%20appraisals%201964/processed/B20/B20_P5__photo2.jpg,B20,P5
https://raw.githubusercontent.com/communitymaplab/athens-r51-property-appraisal-photos/refs/heads/main/pipeline/data/Diaz%20appraisals%201964/processed/B20/B20_P6__photo1.jpg,B20,P6
https://raw.githubusercontent.com/communitymaplab/athens-r51-property-appraisal-photos/refs/heads/main/pipeline/data/Diaz%20appraisals%201964/processed/B20/B20_P6__photo2.jpg,B20,P6
https://raw.githubusercontent.com/communitymaplab/athens-r51-property-appraisal-photos/refs/heads/main/pipeline/data/Diaz%20appraisals%201964/processed/B20/B20_P7__photo1.jpg,B20,P7
https://raw.githubusercontent.com/communitymaplab/athens-r51-property-appraisal-photos/refs/heads/main/pipeline/data/Diaz%20appraisals%201964/processed/B20/B20_P7__photo2.jpg,B20,P7
https://raw.githubusercontent.com/communitymaplab/athens-r51-property-appraisal-photos/refs/heads/main/pipeline/data/Diaz%20appraisals%201964/processed/B20/B20_P9__photo1.jpg,B20,P9
https://raw.githubusercontent.com/communitymaplab/athens-r51-property-appraisal-photos/refs/heads/main/pipeline/data/Diaz%20appraisals%201964/processed/B20/B20_P9__photo2.jpg,B20,P9
https://raw.githubusercontent.com/communitymaplab/athens-r51-property-appraisal-photos/refs/heads/main/pipeline/data/Diaz%20appraisals%201964/processed/B20/B20_P10__photo1.jpg,B20,P10
https://raw.githubusercontent.com/communitymaplab/athens-r51-property-appraisal-photos/refs/heads/main/pipeline/data/Diaz%20appraisals%201964/processed/B20/B20_P10__photo2.jpg,B20,P10
https://raw.githubusercontent.com/communitymaplab/athens-r51-property-appraisal-photos/refs/heads/main/pipeline/data/Diaz%20appraisals%201964/processed/B21/B21_P1__photo1.jpg,B21,P1
https://raw.githubusercontent.com/communitymaplab/athens-r51-property-appraisal-photos/refs/heads/main/pipeline/data/Diaz%20appraisals%201964/processed/B21/B21_P1__photo2.jpg,B21,P1
https://raw.githubusercontent.com/communitymaplab/athens-r51-property-appraisal-photos/refs/heads/main/pipeline/data/Diaz%20appraisals%201964/processed/B21/B21_P3__photo1.jpg,B21,P3
https://raw.githubusercontent.com/communitymaplab/athens-r51-property-appraisal-photos/refs/heads/main/pipeline/data/Diaz%20appraisals%201964/processed/B21/B21_P3__photo2.jpg,B21,P3
https://raw.githubusercontent.com/communitymaplab/athens-r51-property-appraisal-photos/refs/heads/main/pipeline/data/Diaz%20appraisals%201964/processed/B21/B21_P5__photo1.jpg,B21,P5
https://raw.githubusercontent.com/communitymaplab/athens-r51-property-appraisal-photos/refs/heads/main/pipeline/data/Diaz%20appraisals%201964/processed/B21/B21_P5__photo2.jpg,B21,P5
https://raw.githubusercontent.com/communitymaplab/athens-r51-property-appraisal-photos/refs/heads/main/pipeline/data/Diaz%20appraisals%201964/processed/B21/B21_P5__photo3.jpg,B21,P5
https://raw.githubusercontent.com/communitymaplab/athens-r51-property-appraisal-photos/refs/heads/main/pipeline/data/Diaz%20appraisals%201964/processed/B21/B21_P5__photo4.jpg,B21,P5
https://raw.githubusercontent.com/communitymaplab/athens-r51-property-appraisal-photos/refs/heads/main/pipeline/data/Diaz%20appraisals%201964/processed/B21/B21_P5__photo5.jpg,B21,P5
https://raw.githubusercontent.com/communitymaplab/athens-r51-property-appraisal-photos/refs/heads/main/pipeline/data/Diaz%20appraisals%201964/processed/B21/B21_P5__photo6.jpg,B21,P5
https://raw.githubusercontent.com/communitymaplab/athens-r51-property-appraisal-photos/refs/heads/main/pipeline/data/Diaz%20appraisals%201964/processed/B22/B22_P1__photo1.jpg,B22,P1
https://raw.githubusercontent.com/communitymaplab/athens-r51-property-appraisal-photos/refs/heads/main/pipeline/data/Diaz%20appraisals%201964/processed/B22/B22_P1__photo2.jpg,B22,P1
https://raw.githubusercontent.com/communitymaplab/athens-r51-property-appraisal-photos/refs/heads/main/pipeline/data/Diaz%20appraisals%201964/processed/B22/B22_P2__photo1.jpg,B22,P2
https://raw.githubusercontent.com/communitymaplab/athens-r51-property-appraisal-photos/refs/heads/main/pipeline/data/Diaz%20appraisals%201964/processed/B22/B22_P2__photo2.jpg,B22,P2
https://raw.githubusercontent.com/communitymaplab/athens-r51-property-appraisal-photos/refs/heads/main/pipeline/data/Diaz%20appraisals%201964/processed/B22/B22_P2__photo3.jpg,B22,P2
https://raw.githubusercontent.com/communitymaplab/athens-r51-property-appraisal-photos/refs/heads/main/pipeline/data/Diaz%20appraisals%201964/processed/B22/B22_P2__photo4.jpg,B22,P2
https://raw.githubusercontent.com/communitymaplab/athens-r51-property-appraisal-photos/refs/heads/main/pipeline/data/Diaz%20appraisals%201964/processed/B22/B22_P3__photo1.jpg,B22,P3
https://raw.githubusercontent.com/communitymaplab/athens-r51-property-appraisal-photos/refs/heads/main/pipeline/data/Diaz%20appraisals%201964/processed/B22/B22_P3__photo2.jpg,B22,P3
https://raw.githubusercontent.com/communitymaplab/athens-r51-property-appraisal-photos/refs/heads/main/pipeline/data/Diaz%20appraisals%201964/processed/B22/B22_P4__photo1.jpg,B22,P4
https://raw.githubusercontent.com/communitymaplab/athens-r51-property-appraisal-photos/refs/heads/main/pipeline/data/Diaz%20appraisals%201964/processed/B22/B22_P4__photo2.jpg,B22,P4
https://raw.githubusercontent.com/communitymaplab/athens-r51-property-appraisal-photos/refs/heads/main/pipeline/data/Diaz%20appraisals%201964/processed/B22/B22_P5__photo1.jpg,B22,P5
https://raw.githubusercontent.com/communitymaplab/athens-r51-property-appraisal-photos/refs/heads/main/pipeline/data/Diaz%20appraisals%201964/processed/B22/B22_P5__photo2.jpg,B22,P5
https://raw.githubusercontent.com/communitymaplab/athens-r51-property-appraisal-photos/refs/heads/main/pipeline/data/Diaz%20appraisals%201964/processed/B22/B22_P6__photo1.jpg,B22,P6
https://raw.githubusercontent.com/communitymaplab/athens-r51-property-appraisal-photos/refs/heads/main/pipeline/data/Diaz%20appraisals%201964/processed/B22/B22_P7__photo1.jpg,B22,P7
https://raw.githubusercontent.com/communitymaplab/athens-r51-property-appraisal-photos/refs/heads/main/pipeline/data/Diaz%20appraisals%201964/processed/B22/B22_P8__photo1.jpg,B22,P8
https://raw.githubusercontent.com/communitymaplab/athens-r51-property-appraisal-photos/refs/heads/main/pipeline/data/Diaz%20appraisals%201964/processed/B22/B22_P8__photo2.jpg,B22,P8
https://raw.githubusercontent.com/communitymaplab/athens-r51-property-appraisal-photos/refs/heads/main/pipeline/data/Diaz%20appraisals%201964/processed/B22/B22_P9__photo1.jpg,B22,P9
https://raw.githubusercontent.com/communitymaplab/athens-r51-property-appraisal-photos/refs/heads/main/pipeline/data/Diaz%20appraisals%201964/processed/B22/B22_P9__photo2.jpg,B22,P9
https://raw.githubusercontent.com/communitymaplab/athens-r51-property-appraisal-photos/refs/heads/main/pipeline/data/Diaz%20appraisals%201964/processed/B22/B22_P9__photo3.jpg,B22,P9
https://raw.githubusercontent.com/communitymaplab/athens-r51-property-appraisal-photos/refs/heads/main/pipeline/data/Diaz%20appraisals%201964/processed/B22/B22_P9__photo4.jpg,B22,P9
https://raw.githubusercontent.com/communitymaplab/athens-r51-property-appraisal-photos/refs/heads/main/pipeline/data/Diaz%20appraisals%201964/processed/B23/B23_P1__photo1.jpg,B23,P1
https://raw.githubusercontent.com/communitymaplab/athens-r51-property-appraisal-photos/refs/heads/main/pipeline/data/Diaz%20appraisals%201964/processed/B23/B23_P1__photo2.jpg,B23,P1
https://raw.githubusercontent.com/communitymaplab/athens-r51-property-appraisal-photos/refs/heads/main/pipeline/data/Diaz%20appraisals%201964/processed/B23/B23_P5__photo1.jpg,B23,P5
https://raw.githubusercontent.com/communitymaplab/athens-r51-property-appraisal-photos/refs/heads/main/pipeline/data/Diaz%20appraisals%201964/processed/B24/B24_P1__photo1.jpg,B24,P1
https://raw.githubusercontent.com/communitymaplab/athens-r51-property-appraisal-photos/refs/heads/main/pipeline/data/Diaz%20appraisals%201964/processed/B24/B24_P1__photo2.jpg,B24,P1
https://raw.githubusercontent.com/communitymaplab/athens-r51-property-appraisal-photos/refs/heads/main/pipeline/data/Diaz%20appraisals%201964/processed/B24/B24_P2__photo1.jpg,B24,P2
https://raw.githubusercontent.com/communitymaplab/athens-r51-property-appraisal-photos/refs/heads/main/pipeline/data/Diaz%20appraisals%201964/processed/B24/B24_P2__photo2.jpg,B24,P2
https://raw.githubusercontent.com/communitymaplab/athens-r51-property-appraisal-photos/refs/heads/main/pipeline/data/Diaz%20appraisals%201964/processed/B24/B24_P4__photo1.jpg,B24,P4
https://raw.githubusercontent.com/communitymaplab/athens-r51-property-appraisal-photos/refs/heads/main/pipeline/data/Diaz%20appraisals%201964/processed/B24/B24_P4__photo2.jpg,B24,P4
https://raw.githubusercontent.com/communitymaplab/athens-r51-property-appraisal-photos/refs/heads/main/pipeline/data/Diaz%20appraisals%201964/processed/B24/B24_P4__photo3.jpg,B24,P4
https://raw.githubusercontent.com/communitymaplab/athens-r51-property-appraisal-photos/refs/heads/main/pipeline/data/Diaz%20appraisals%201964/processed/B24/B24_P6__photo1.jpg,B24,P6
https://raw.githubusercontent.com/communitymaplab/athens-r51-property-appraisal-photos/refs/heads/main/pipeline/data/Diaz%20appraisals%201964/processed/B24/B24_P6__photo2.jpg,B24,P6
https://raw.githubusercontent.com/communitymaplab/athens-r51-property-appraisal-photos/refs/heads/main/pipeline/data/Diaz%20appraisals%201964/processed/B24/B24_P7__photo1.jpg,B24,P7
https://raw.githubusercontent.com/communitymaplab/athens-r51-property-appraisal-photos/refs/heads/main/pipeline/data/Diaz%20appraisals%201964/processed/B24/B24_P7__photo2.jpg,B24,P7
https://raw.githubusercontent.com/communitymaplab/athens-r51-property-appraisal-photos/refs/heads/main/pipeline/data/Diaz%20appraisals%201964/processed/B25/B25_P1__photo1.jpg,B25,P1
https://raw.githubusercontent.com/communitymaplab/athens-r51-property-appraisal-photos/refs/heads/main/pipeline/data/Diaz%20appraisals%201964/processed/B25/B25_P1__photo2.jpg,B25,P1
https://raw.githubusercontent.com/communitymaplab/athens-r51-property-appraisal-photos/refs/heads/main/pipeline/data/Diaz%20appraisals%201964/processed/B25/B25_P2__photo1.jpg,B25,P2
https://raw.githubusercontent.com/communitymaplab/athens-r51-property-appraisal-photos/refs/heads/main/pipeline/data/Diaz%20appraisals%201964/processed/B25/B25_P3__photo1.jpg,B25,P3
https://raw.githubusercontent.com/communitymaplab/athens-r51-property-appraisal-photos/refs/heads/main/pipeline/data/Diaz%20appraisals%201964/processed/B25/B25_P3__photo2.jpg,B25,P3
https://raw.githubusercontent.com/communitymaplab/athens-r51-property-appraisal-photos/refs/heads/main/pipeline/data/Diaz%20appraisals%201964/processed/B25/B25_P4__photo1.jpg,B25,P4
https://raw.githubusercontent.com/communitymaplab/athens-r51-property-appraisal-photos/refs/heads/main/pipeline/data/Diaz%20appraisals%201964/processed/B25/B25_P4__photo2.jpg,B25,P4
https://raw.githubusercontent.com/communitymaplab/athens-r51-property-appraisal-photos/refs/heads/main/pipeline/data/Diaz%20appraisals%201964/processed/B25/B25_P4A__photo1.jpg,B25,P4A
https://raw.githubusercontent.com/communitymaplab/athens-r51-property-appraisal-photos/refs/heads/main/pipeline/data/Diaz%20appraisals%201964/processed/B25/B25_P5__photo1.jpg,B25,P5
https://raw.githubusercontent.com/communitymaplab/athens-r51-property-appraisal-photos/refs/heads/main/pipeline/data/Diaz%20appraisals%201964/processed/B25/B25_P5__photo2.jpg,B25,P5
https://raw.githubusercontent.com/communitymaplab/athens-r51-property-appraisal-photos/refs/heads/main/pipeline/data/Diaz%20appraisals%201964/processed/B25/B25_P6__photo1.jpg,B25,P6
https://raw.githubusercontent.com/communitymaplab/athens-r51-property-appraisal-photos/refs/heads/main/pipeline/data/Diaz%20appraisals%201964/processed/B25/B25_P7__photo1.jpg,B25,P7
https://raw.githubusercontent.com/communitymaplab/athens-r51-property-appraisal-photos/refs/heads/main/pipeline/data/Diaz%20appraisals%201964/processed/B25/B25_P7__photo2.jpg,B25,P7
https://raw.githubusercontent.com/communitymaplab/athens-r51-property-appraisal-photos/refs/heads/main/pipeline/data/Diaz%20appraisals%201964/processed/B25/B25_P8__photo1.jpg,B25,P8
https://raw.githubusercontent.com/communitymaplab/athens-r51-property-appraisal-photos/refs/heads/main/pipeline/data/Diaz%20appraisals%201964/processed/B25/B25_P8__photo2.jpg,B25,P8
https://raw.githubusercontent.com/communitymaplab/athens-r51-property-appraisal-photos/refs/heads/main/pipeline/data/Diaz%20appraisals%201964/processed/B25/B25_P8__photo3.jpg,B25,P8
https://raw.githubusercontent.com/communitymaplab/athens-r51-property-appraisal-photos/refs/heads/main/pipeline/data/Diaz%20appraisals%201964/processed/B25/B25_P8__photo4.jpg,B25,P8
https://raw.githubusercontent.com/communitymaplab/athens-r51-property-appraisal-photos/refs/heads/main/pipeline/data/Diaz%20appraisals%201964/processed/B25/B25_P10__photo1.jpg,B25,P10
https://raw.githubusercontent.com/communitymaplab/athens-r51-property-appraisal-photos/refs/heads/main/pipeline/data/Diaz%20appraisals%201964/processed/B25/B25_P10__photo2.jpg,B25,P10
https://raw.githubusercontent.com/communitymaplab/athens-r51-property-appraisal-photos/refs/heads/main/pipeline/data/Diaz%20appraisals%201964/processed/B25/B25_P9__photo1.jpg,B25,P9
https://raw.githubusercontent.com/communitymaplab/athens-r51-property-appraisal-photos/refs/heads/main/pipeline/data/Diaz%20appraisals%201964/processed/B25/B25_P9__photo2.jpg,B25,P9
https://raw.githubusercontent.com/communitymaplab/athens-r51-property-appraisal-photos/refs/heads/main/pipeline/data/Diaz%20appraisals%201964/processed/B25/B25_P9__photo3.jpg,B25,P9
https://raw.githubusercontent.com/communitymaplab/athens-r51-property-appraisal-photos/refs/heads/main/pipeline/data/Diaz%20appraisals%201964/processed/B25/B25_P11__photo1.jpg,B25,P11
https://raw.githubusercontent.com/communitymaplab/athens-r51-property-appraisal-photos/refs/heads/main/pipeline/data/Diaz%20appraisals%201964/processed/B25/B25_P11__photo2.jpg,B25,P11
https://raw.githubusercontent.com/communitymaplab/athens-r51-property-appraisal-photos/refs/heads/main/pipeline/data/Diaz%20appraisals%201964/processed/B27/B27_P1__photo1.jpg,B27,P1
https://raw.githubusercontent.com/communitymaplab/athens-r51-property-appraisal-photos/refs/heads/main/pipeline/data/Diaz%20appraisals%201964/processed/B28/B28_P1__photo1.jpg,B28,P1
https://raw.githubusercontent.com/communitymaplab/athens-r51-property-appraisal-photos/refs/heads/main/pipeline/data/Diaz%20appraisals%201964/processed/B28/B28_P2__photo1.jpg,B28,P2
https://raw.githubusercontent.com/communitymaplab/athens-r51-property-appraisal-photos/refs/heads/main/pipeline/data/Diaz%20appraisals%201964/processed/B28/B28_P2__photo2.jpg,B28,P2
https://raw.githubusercontent.com/communitymaplab/athens-r51-property-appraisal-photos/refs/heads/main/pipeline/data/Diaz%20appraisals%201964/processed/B28/B28_P3__photo1.jpg,B28,P3
https://raw.githubusercontent.com/communitymaplab/athens-r51-property-appraisal-photos/refs/heads/main/pipeline/data/Diaz%20appraisals%201964/processed/B28/B28_P4P5__photo1.jpg,B28,P4
https://raw.githubusercontent.com/communitymaplab/athens-r51-property-appraisal-photos/refs/heads/main/pipeline/data/Diaz%20appraisals%201964/processed/B28/B28_P4P5__photo1.jpg,B28,P5
https://raw.githubusercontent.com/communitymaplab/athens-r51-property-appraisal-photos/refs/heads/main/pipeline/data/Diaz%20appraisals%201964/processed/B28/B28_P4P5__photo2.jpg,B28,P4
https://raw.githubusercontent.com/communitymaplab/athens-r51-property-appraisal-photos/refs/heads/main/pipeline/data/Diaz%20appraisals%201964/processed/B28/B28_P4P5__photo2.jpg,B28,P5
https://raw.githubusercontent.com/communitymaplab/athens-r51-property-appraisal-photos/refs/heads/main/pipeline/data/Diaz%20appraisals%201964/processed/B28/B28_P4P5__photo3.jpg,B28,P4
https://raw.githubusercontent.com/communitymaplab/athens-r51-property-appraisal-photos/refs/heads/main/pipeline/data/Diaz%20appraisals%201964/processed/B28/B28_P4P5__photo3.jpg,B28,P5
https://raw.githubusercontent.com/communitymaplab/athens-r51-property-appraisal-photos/refs/heads/main/pipeline/data/Diaz%20appraisals%201964/processed/B28/B28_P6__photo1.jpg,B28,P6
https://raw.githubusercontent.com/communitymaplab/athens-r51-property-appraisal-photos/refs/heads/main/pipeline/data/Diaz%20appraisals%201964/processed/B28/B28_P6__photo2.jpg,B28,P6
https://raw.githubusercontent.com/communitymaplab/athens-r51-property-appraisal-photos/refs/heads/main/pipeline/data/Diaz%20appraisals%201964/processed/B28/B28_P6__photo3.jpg,B28,P6
https://raw.githubusercontent.com/communitymaplab/athens-r51-property-appraisal-photos/refs/heads/main/pipeline/data/Diaz%20appraisals%201964/processed/B28/B28_P7__photo1.jpg,B28,P7
https://raw.githubusercontent.com/communitymaplab/athens-r51-property-appraisal-photos/refs/heads/main/pipeline/data/Diaz%20appraisals%201964/processed/B30/B30_P1__photo1.jpg,B30,P1
https://raw.githubusercontent.com/communitymaplab/athens-r51-property-appraisal-photos/refs/heads/main/pipeline/data/Diaz%20appraisals%201964/processed/B30/B30_P1__photo2.jpg,B30,P1
https://raw.githubusercontent.com/communitymaplab/athens-r51-property-appraisal-photos/refs/heads/main/pipeline/data/Diaz%20appraisals%201964/processed/B30/B30_P1__photo3.jpg,B30,P1
https://raw.githubusercontent.com/communitymaplab/athens-r51-property-appraisal-photos/refs/heads/main/pipeline/data/Diaz%20appraisals%201964/processed/B30/B30_P1__photo4.jpg,B30,P1
https://raw.githubusercontent.com/communitymaplab/athens-r51-property-appraisal-photos/refs/heads/main/pipeline/data/Diaz%20appraisals%201964/processed/B30/B30_P1__photo5.jpg,B30,P1
https://raw.githubusercontent.com/communitymaplab/athens-r51-property-appraisal-photos/refs/heads/main/pipeline/data/Diaz%20appraisals%201964/processed/B30/B30_P1__photo6.jpg,B30,P1
https://raw.githubusercontent.com/communitymaplab/athens-r51-property-appraisal-photos/refs/heads/main/pipeline/data/Diaz%20appraisals%201964/processed/B30/B30_P1__photo7.jpg,B30,P1
https://raw.githubusercontent.com/communitymaplab/athens-r51-property-appraisal-photos/refs/heads/main/pipeline/data/Diaz%20appraisals%201964/processed/B30/B30_P1__photo8.jpg,B30,P1
https://raw.githubusercontent.com/communitymaplab/athens-r51-property-appraisal-photos/refs/heads/main/pipeline/data/Diaz%20appraisals%201964/processed/B30/B30_P1__photo9.jpg,B30,P1
https://raw.githubusercontent.com/communitymaplab/athens-r51-property-appraisal-photos/refs/heads/main/pipeline/data/Diaz%20appraisals%201964/processed/B30/B30_P2__photo1.jpg,B30,P2
https://raw.githubusercontent.com/communitymaplab/athens-r51-property-appraisal-photos/refs/heads/main/pipeline/data/Diaz%20appraisals%201964/processed/B30/B30_P2__photo2.jpg,B30,P2
https://raw.githubusercontent.com/communitymaplab/athens-r51-property-appraisal-photos/refs/heads/main/pipeline/data/Diaz%20appraisals%201964/processed/B30/B30_P2__photo3.jpg,B30,P2
https://raw.githubusercontent.com/communitymaplab/athens-r51-property-appraisal-photos/refs/heads/main/pipeline/data/Diaz%20appraisals%201964/processed/B2A/B2A_P1__photo1.jpg,B2A,P1
https://raw.githubusercontent.com/communitymaplab/athens-r51-property-appraisal-photos/refs/heads/main/pipeline/data/Diaz%20appraisals%201964/processed/B2A/B2A_P1__photo2.jpg,B2A,P1
https://raw.githubusercontent.com/communitymaplab/athens-r51-property-appraisal-photos/refs/heads/main/pipeline/data/Diaz%20appraisals%201964/processed/B2A/B2A_P1__photo3.jpg,B2A,P1
https://raw.githubusercontent.com/communitymaplab/athens-r51-property-appraisal-photos/refs/heads/main/pipeline/data/Diaz%20appraisals%201964/processed/B2A/B2A_P1__photo4.jpg,B2A,P1
https://raw.githubusercontent.com/communitymaplab/athens-r51-property-appraisal-photos/refs/heads/main/pipeline/data/Diaz%20appraisals%201964/processed/B2A/B2A_P2__photo1.jpg,B2A,P2
https://raw.githubusercontent.com/communitymaplab/athens-r51-property-appraisal-photos/refs/heads/main/pipeline/data/Diaz%20appraisals%201964/processed/B2A/B2A_P4__photo1.jpg,B2A,P4
https://raw.githubusercontent.com/communitymaplab/athens-r51-property-appraisal-photos/refs/heads/main/pipeline/data/Diaz%20appraisals%201964/processed/B2A/B2A_P4__photo2.jpg,B2A,P4
https://raw.githubusercontent.com/communitymaplab/athens-r51-property-appraisal-photos/refs/heads/main/pipeline/data/Diaz%20appraisals%201964/processed/B2A/B2A_P4__photo3.jpg,B2A,P4
